scenario,day,1 Mo,2 Mo,3 Mo,4 Mo,6 Mo,1 Yr,2 Yr,3 Yr,5 Yr,7 Yr,10 Yr,20 Yr,30 Yr
0,1,4.402468,4.3506827,4.2968125,4.298261,4.2363605,4.0876875,4.1725826,4.2127714,4.306716,4.4356422,4.5371685,4.8346477,4.764189
0,2,4.36998,4.3216887,4.270402,4.2737384,4.214138,4.066556,4.148706,4.189032,4.2793427,4.3973784,4.492537,4.794375,4.715576
0,3,4.382102,4.329506,4.273993,4.2732997,4.206498,4.045657,4.1224375,4.160326,4.248669,4.369054,4.460041,4.768738,4.6951404
0,4,4.3359647,4.29425,4.2474995,4.253956,4.198023,4.056146,4.1467915,4.1799383,4.250382,4.3618393,4.442203,4.729758,4.653173
0,5,4.347926,4.296275,4.241502,4.2412944,4.1746154,4.007423,4.060782,4.085471,4.1761384,4.3136444,4.4169602,4.7159095,4.6390824
0,6,4.296201,4.24831,4.1972737,4.200658,4.140425,3.9849021,4.0395665,4.060445,4.153954,4.3045793,4.415661,4.684242,4.5875154
0,7,4.33187,4.2858777,4.2360587,4.2401376,4.1801925,4.0212398,4.0682693,4.0881853,4.178353,4.317422,4.421817,4.689499,4.602572
0,8,4.3298225,4.283514,4.2309346,4.2307487,4.16024,3.974717,4.0073595,4.020949,4.108438,4.2573743,4.3700833,4.6774793,4.6071224
0,9,4.306498,4.2621517,4.2112656,4.212505,4.144069,3.9594138,3.983315,3.9896882,4.0677834,4.2102075,4.3229566,4.6470633,4.573299
0,10,4.296977,4.2500386,4.1967926,4.1959662,4.124393,3.9383645,3.9722693,3.9799273,4.0527577,4.1938105,4.2935295,4.630988,4.5626183
1,1,4.4004707,4.3586793,4.3131566,4.3216405,4.2708354,4.1414866,4.238894,4.2788706,4.357071,4.4661336,4.5585136,4.846897,4.746816
1,2,4.3859353,4.350868,4.310057,4.32187,4.275269,4.1542425,4.268538,4.3085775,4.369385,4.4664702,4.5573664,4.8554096,4.75611
1,3,4.3995423,4.36109,4.3172803,4.3264046,4.2751546,4.143849,4.24933,4.291325,4.3608127,4.4620357,4.5635133,4.862143,4.7650166
1,4,4.3464074,4.3159657,4.27739,4.2898216,4.241682,4.112437,4.22061,4.254161,4.3237886,4.452653,4.550381,4.8435187,4.7335067
1,5,4.3745136,4.3481994,4.3151555,4.333873,4.298876,4.1996784,4.3240447,4.355921,4.403606,4.5038013,4.5882316,4.8590913,4.7442713
1,6,4.2649093,4.244424,4.2159357,4.2382874,4.208743,4.1202946,4.260413,4.3040605,4.3636117,4.4637284,4.53219,4.821803,4.7183146
1,7,4.29167,4.286735,4.272189,4.30717,4.299781,4.261733,4.452197,4.497772,4.5306497,4.616959,4.660813,4.938495,4.8263636
1,8,4.2515254,4.251521,4.2429934,4.2844634,4.2898984,4.2766886,4.473863,4.5291014,4.5756183,4.6514297,4.674875,4.9067173,4.794423
1,9,4.305487,4.318111,4.318305,4.3654094,4.3752036,4.344179,4.4925094,4.559929,4.645953,4.6984396,4.6840467,4.9269867,4.8594785
1,10,4.4067445,4.418141,4.4148927,4.4572763,4.4562187,4.4018507,4.5480137,4.6184435,4.7119803,4.776721,4.7554398,5.0095572,4.9470506
2,1,4.418783,4.373901,4.325353,4.330908,4.2745934,4.131849,4.2157583,4.256168,4.3475714,4.4659233,4.5495286,4.833746,4.76304
2,2,4.4119887,4.369428,4.323605,4.33209,4.2817345,4.1533914,4.2460074,4.2816415,4.365826,4.489068,4.5682645,4.844977,4.765978
2,3,4.4584374,4.414074,4.3657556,4.3712754,4.314189,4.1648216,4.231469,4.2673993,4.371097,4.5037236,4.5781946,4.851098,4.782389
2,4,4.477881,4.4313564,4.382272,4.387912,4.33239,4.186661,4.2485123,4.283152,4.3830843,4.505923,4.589904,4.861362,4.7927623
2,5,4.466335,4.410535,4.353673,4.3526187,4.285835,4.112977,4.137205,4.161988,4.271002,4.404463,4.504401,4.798682,4.741626
2,6,4.3813677,4.316912,4.2513285,4.2416687,4.158463,3.9457645,3.9295652,3.948194,4.0925636,4.2753215,4.4014573,4.7067947,4.6598253
2,7,4.35896,4.300275,4.2380414,4.230135,4.147843,3.936552,3.9332223,3.9462519,4.064664,4.23459,4.3538413,4.6704373,4.6246295
2,8,4.351698,4.303555,4.250305,4.250106,4.1802235,3.9909284,4.000582,4.0120234,4.1200066,4.2828345,4.3971176,4.6879416,4.628178
2,9,4.3496075,4.3018064,4.2495327,4.250563,4.1829453,3.9915547,3.9780734,3.9862092,4.102818,4.2607284,4.367774,4.675506,4.6397457
2,10,4.3651857,4.3255687,4.283265,4.29507,4.2488966,4.1009703,4.098015,4.1019835,4.200654,4.3288827,4.409386,4.7051253,4.6701164
3,1,4.4364624,4.3905816,4.3414836,4.3468385,4.2909036,4.152698,4.2476187,4.291241,4.377554,4.491079,4.586492,4.871661,4.784028
3,2,4.46505,4.417739,4.3679843,4.3731766,4.317662,4.180245,4.268109,4.3040075,4.38504,4.5023503,4.6000614,4.880117,4.8017964
3,3,4.4865627,4.4389787,4.3881893,4.3918557,4.3325324,4.183972,4.261717,4.2986126,4.389247,4.5124354,4.6061444,4.8927464,4.8168254
3,4,4.476011,4.4315214,4.3815017,4.384436,4.321344,4.1622825,4.241434,4.2777643,4.3599467,4.47711,4.565328,4.8696647,4.8054433
3,5,4.4007015,4.365809,4.3220143,4.3286905,4.2680845,4.100047,4.157779,4.186799,4.2703767,4.391168,4.490189,4.81896,4.7662106
3,6,4.414477,4.3837266,4.342975,4.3519382,4.294549,4.133601,4.202017,4.225893,4.2861443,4.391652,4.485697,4.819833,4.7661724
3,7,4.4252977,4.4034367,4.366868,4.376877,4.3163743,4.141903,4.2134776,4.2355194,4.2900805,4.4035025,4.4999523,4.8153095,4.7565613
3,8,4.4227,4.4104934,4.3789973,4.390997,4.3292556,4.1453257,4.2228713,4.24615,4.296492,4.411868,4.500807,4.8056746,4.750311
3,9,4.396302,4.380826,4.3463497,4.355592,4.288831,4.092085,4.1524434,4.169448,4.2285137,4.3640666,4.4759393,4.7879443,4.7319384
3,10,4.358267,4.3323,4.2909703,4.2957606,4.2240057,4.0145235,4.036027,4.046321,4.131947,4.288967,4.4088635,4.719983,4.6699758
4,1,4.4314857,4.378353,4.3240223,4.325605,4.264976,4.1211567,4.2103252,4.251411,4.3350635,4.4469695,4.5519257,4.8486896,4.774369
4,2,4.42953,4.3781056,4.3253746,4.3284473,4.2704835,4.1324315,4.226547,4.269888,4.3567605,4.4704185,4.568436,4.858366,4.782558
4,3,4.4090095,4.37096,4.329465,4.3421755,4.3001704,4.197587,4.3295083,4.3689775,4.424222,4.523299,4.5949144,4.8619227,4.7745085
4,4,4.373792,4.336129,4.2954717,4.3092713,4.2696886,4.172076,4.309426,4.3592196,4.419105,4.5018573,4.5818624,4.825806,4.7400017
4,5,4.32945,4.3101726,4.2814746,4.3027425,4.269887,4.1748776,4.3286657,4.385406,4.434646,4.5005846,4.5742626,4.8299646,4.7569146
4,6,4.372905,4.3565297,4.3327613,4.3601527,4.340908,4.278907,4.447915,4.4997287,4.5445666,4.618131,4.675696,4.912095,4.818262
4,7,4.370996,4.353885,4.330237,4.3582726,4.341023,4.2832055,4.451544,4.506221,4.550928,4.613518,4.6757865,4.903365,4.8108916
4,8,4.3290524,4.3103943,4.287171,4.316893,4.304913,4.2615824,4.4364347,4.494762,4.5443387,4.60589,4.6710896,4.895442,4.799637
4,9,4.1734037,4.1637053,4.1494794,4.1880164,4.192588,4.186727,4.3950915,4.463702,4.5192113,4.5886374,4.671747,4.9048615,4.804369
4,10,4.158812,4.1624537,4.1532946,4.191446,4.1864395,4.148241,4.3613095,4.4361076,4.4936733,4.576641,4.686816,4.9363074,4.8413005
5,1,4.428262,4.3803782,4.3289866,4.3319073,4.2710776,4.1211314,4.2070675,4.2515388,4.3489766,4.4739985,4.5742927,4.8667955,4.788387
5,2,4.408001,4.3607845,4.3106933,4.3152394,4.2578244,4.112964,4.1951737,4.2470264,4.363714,4.4935565,4.5949435,4.9057093,4.8338747
5,3,4.45499,4.4076204,4.3601823,4.369076,4.322532,4.2028103,4.28975,4.3421435,4.455054,4.5692883,4.665003,4.956109,4.8872056
5,4,4.4503245,4.407258,4.362141,4.371986,4.3249097,4.199326,4.2893476,4.3519783,4.4699893,4.5739903,4.6931663,4.9755,4.913194
5,5,4.4102907,4.3561616,4.302215,4.304923,4.2471547,4.103548,4.1788225,4.237754,4.3603168,4.474829,4.618936,4.926054,4.8650603
5,6,4.5026293,4.4489903,4.395732,4.3992763,4.3434854,4.206797,4.2915373,4.3511467,4.471194,4.587568,4.7277637,5.053715,4.99885
5,7,4.340912,4.297256,4.252796,4.2641954,4.221939,4.1152434,4.229253,4.2928104,4.4224095,4.5672293,4.7069044,5.021864,4.9542103
5,8,4.331277,4.2827353,4.2354884,4.245488,4.202696,4.095697,4.196442,4.2561975,4.393073,4.5433183,4.6781044,4.9999557,4.933516
5,9,4.31437,4.2677226,4.2224526,4.2343493,4.194754,4.0901923,4.191014,4.2688575,4.4214067,4.548439,4.7056103,5.0105004,4.954327
5,10,4.3420434,4.30614,4.2710958,4.2925525,4.2697744,4.196547,4.3077793,4.378382,4.510333,4.619373,4.7583904,5.0316477,4.964397
6,1,4.413969,4.379486,4.3369703,4.345652,4.2907815,4.148587,4.2545986,4.2960057,4.368912,4.482792,4.572202,4.8602033,4.774497
6,2,4.356842,4.32451,4.2838593,4.2941694,4.2419977,4.1050067,4.2140527,4.2524257,4.318381,4.4317756,4.529637,4.8423634,4.7580776
6,3,4.3503876,4.314515,4.272882,4.2838593,4.23557,4.109541,4.2185745,4.260667,4.327871,4.426848,4.526438,4.8366985,4.7527714
6,4,4.3784456,4.352634,4.3185143,4.33518,4.294742,4.18225,4.305966,4.345629,4.40469,4.507668,4.589465,4.897386,4.809907
6,5,4.304897,4.2791896,4.2481937,4.269704,4.2407722,4.149316,4.2689886,4.325701,4.405095,4.480769,4.583718,4.870622,4.795262
6,6,4.3225904,4.3020053,4.274257,4.2975993,4.2693667,4.1688986,4.263141,4.303695,4.385106,4.4865255,4.6105514,4.9122953,4.8347993
6,7,4.3530393,4.340542,4.317674,4.3438997,4.3185854,4.2311034,4.366358,4.4068604,4.4751973,4.596799,4.687515,4.98295,4.8848166
6,8,4.095819,4.0836596,4.062317,4.090893,4.071761,4.005532,4.1752357,4.240616,4.347367,4.5009227,4.625916,4.9624524,4.8741093
6,9,4.084333,4.060206,4.030616,4.053543,4.027894,3.952648,4.104975,4.169659,4.290598,4.452674,4.5885224,4.9242167,4.8304358
6,10,4.045489,4.0176144,3.984901,4.0051517,3.9749982,3.888579,4.024533,4.0861387,4.2121086,4.375018,4.503662,4.836367,4.7489734
7,1,4.414854,4.371343,4.3248568,4.3328614,4.2818394,4.1515746,4.242519,4.281688,4.3685164,4.4873834,4.5858808,4.8713827,4.789058
7,2,4.514034,4.470662,4.4241204,4.431942,4.3803506,4.248341,4.33724,4.3731685,4.455267,4.5743093,4.67797,4.9680915,4.886752
7,3,4.515463,4.4759526,4.4330096,4.444146,4.3983026,4.276939,4.3706937,4.405921,4.483677,4.599158,4.7067666,4.998654,4.915143
7,4,4.4848485,4.447216,4.40733,4.422156,4.3841906,4.278908,4.378082,4.420505,4.4996924,4.596811,4.71099,5.0103283,4.9325967
7,5,4.48412,4.4565353,4.426047,4.4495597,4.4267726,4.350516,4.4656506,4.5061274,4.5622134,4.6317573,4.742198,5.0183544,4.9388657
7,6,4.4702053,4.4552646,4.4314094,4.4575634,4.4334683,4.3484473,4.481775,4.5271554,4.5816607,4.663856,4.7747326,5.050884,4.9665666
7,7,4.4915576,4.482123,4.461215,4.48864,4.4643993,4.3781404,4.5230474,4.564431,4.6034217,4.686589,4.7977357,5.0741987,4.9971905
7,8,4.4980803,4.485342,4.4613523,4.48591,4.456548,4.359128,4.495425,4.538689,4.586792,4.675267,4.7926383,5.076692,4.999225
7,9,4.4655323,4.449085,4.4224033,4.4449987,4.4131093,4.3119326,4.44338,4.490919,4.5578656,4.6612806,4.775174,5.06481,4.9704103
7,10,4.4474382,4.4403644,4.420555,4.4482846,4.423469,4.3364253,4.484502,4.5238233,4.577326,4.6918874,4.7690563,5.059883,4.97116
8,1,4.4445233,4.406239,4.3633814,4.373949,4.3262687,4.2042966,4.314058,4.3554797,4.427134,4.5317507,4.6136093,4.8818493,4.7936645
8,2,4.4566417,4.4206605,4.3798294,4.3921876,4.347503,4.2312126,4.3425264,4.3803096,4.447447,4.553195,4.6264644,4.9052773,4.8101306
8,3,4.487952,4.454558,4.416582,4.431857,4.3926706,4.286327,4.401796,4.448957,4.525511,4.6203794,4.6882043,4.946489,4.8391047
8,4,4.4518013,4.42174,4.3871107,4.405636,4.372389,4.2776284,4.3965197,4.441151,4.515426,4.612025,4.6747546,4.9403205,4.8315816
8,5,4.430055,4.4015756,4.367501,4.385959,4.351765,4.256626,4.381883,4.417574,4.4822464,4.5966535,4.661006,4.9280033,4.8377485
8,6,4.4121456,4.389632,4.359889,4.381508,4.3513947,4.262439,4.402002,4.4507003,4.514708,4.607617,4.6803355,4.9459968,4.846498
8,7,4.4103146,4.381162,4.346852,4.365332,4.331495,4.236042,4.3610115,4.411116,4.494524,4.600082,4.668576,4.9448957,4.8313613
8,8,4.4083242,4.3725867,4.3346214,4.35142,4.317566,4.2257934,4.342064,4.3884706,4.4818425,4.601392,4.671402,4.9422097,4.834036
8,9,4.4149656,4.3844776,4.3511157,4.371947,4.344687,4.2639923,4.3863516,4.4381657,4.537105,4.653298,4.721334,4.9850926,4.8753767
8,10,4.37956,4.346111,4.309828,4.327904,4.2959347,4.2092752,4.342372,4.4063525,4.5120864,4.621829,4.695371,4.9707656,4.877699
9,1,4.460364,4.418338,4.3733997,4.3829885,4.33516,4.2139745,4.315205,4.3520575,4.4234633,4.5295596,4.615716,4.8882256,4.804557
9,2,4.4582253,4.4138274,4.366573,4.373958,4.322198,4.1937227,4.292699,4.330559,4.409169,4.525241,4.6126037,4.8736033,4.800761
9,3,4.5001235,4.4548006,4.4076085,4.4156876,4.3662686,4.2441926,4.342435,4.3732424,4.4399476,4.5524335,4.645913,4.926533,4.8521085
9,4,4.5201197,4.474606,4.427641,4.4362097,4.38812,4.269152,4.3624015,4.3835616,4.4451513,4.567347,4.649634,4.9601183,4.8872294
9,5,4.482451,4.4311275,4.3791776,4.38342,4.3281646,4.1946354,4.2729483,4.2931404,4.3755817,4.5242314,4.6083436,4.934071,4.858397
9,6,4.4821467,4.4266944,4.3724737,4.375653,4.3201666,4.185963,4.25207,4.2724175,4.369886,4.5289483,4.6202226,4.930913,4.8597436
9,7,4.5448966,4.489961,4.436277,4.4400625,4.3861127,4.2596426,4.3395658,4.355486,4.4382205,4.5973535,4.6809635,4.986201,4.922554
9,8,4.5263023,4.4633837,4.402948,4.400935,4.3374567,4.1911793,4.2455106,4.2470694,4.331833,4.514617,4.6154947,4.9924912,4.932076
9,9,4.5237517,4.4631133,4.404287,4.403449,4.34163,4.200203,4.266574,4.2751203,4.3606973,4.5354185,4.616444,4.9952965,4.935598
9,10,4.560979,4.50615,4.45208,4.455207,4.399681,4.2710767,4.3553114,4.3731647,4.456376,4.6166077,4.693488,5.0372567,4.980758
10,1,4.429904,4.3850994,4.3379116,4.345641,4.2948866,4.1676702,4.2628407,4.301084,4.3808985,4.4930935,4.58524,4.859296,4.7850504
10,2,4.425232,4.3880754,4.347046,4.35982,4.316841,4.204323,4.312445,4.3508277,4.425278,4.5350146,4.603808,4.8778872,4.8027596
10,3,4.3544235,4.31891,4.280343,4.2960944,4.259796,4.16599,4.292857,4.334025,4.4065566,4.520077,4.5927258,4.8703284,4.7923203
10,4,4.3554754,4.3226123,4.2857265,4.3024845,4.266979,4.173113,4.3053513,4.3556523,4.4356937,4.544082,4.623622,4.910115,4.8213115
10,5,4.3596954,4.3295374,4.2949805,4.313681,4.2809367,4.1875553,4.3108563,4.3601427,4.4444704,4.5548997,4.6581807,4.9334974,4.851631
10,6,4.371096,4.3482924,4.31757,4.337769,4.3041615,4.205308,4.3363132,4.383285,4.459672,4.5757174,4.670469,4.946314,4.854696
10,7,4.410008,4.376493,4.337212,4.350515,4.306732,4.1925926,4.3194947,4.378469,4.4707656,4.5794387,4.665145,4.9646816,4.8849673
10,8,4.3810334,4.359956,4.328924,4.34749,4.3085637,4.1941733,4.32605,4.394358,4.4902906,4.5879517,4.6838875,4.981355,4.9027667
10,9,4.418242,4.397522,4.368565,4.390248,4.3589044,4.262841,4.4000688,4.4660172,4.551475,4.6337066,4.7149262,5.0130773,4.922773
10,10,4.425933,4.4040055,4.373979,4.394779,4.362306,4.2680473,4.4138293,4.477083,4.553489,4.6364427,4.707367,5.016448,4.9224524
11,1,4.418353,4.3727665,4.324151,4.3301234,4.275683,4.142607,4.2423844,4.2807574,4.3604174,4.480441,4.571134,4.841718,4.770717
11,2,4.4364924,4.3941116,4.3471804,4.353782,4.2986965,4.159964,4.253972,4.2901983,4.369119,4.4891253,4.5724716,4.8460326,4.7766676
11,3,4.404675,4.3582683,4.307889,4.3115125,4.2515574,4.1036115,4.1886225,4.2183146,4.294496,4.4226193,4.5164523,4.7993436,4.7284994
11,4,4.4123344,4.379831,4.3371253,4.344213,4.284001,4.1265097,4.222139,4.2503996,4.30921,4.4317775,4.5240045,4.8027706,4.729063
11,5,4.3909607,4.3615856,4.3207097,4.328774,4.2691383,4.112847,4.2202888,4.257232,4.316459,4.4287944,4.5142174,4.798703,4.723006
11,6,4.4105234,4.380252,4.338642,4.346191,4.2862706,4.135189,4.2589426,4.2967377,4.3439474,4.4493737,4.521416,4.795546,4.718547
11,7,4.452065,4.4191303,4.376131,4.383152,4.3236766,4.176061,4.2994328,4.3337,4.374993,4.478057,4.5526385,4.8194876,4.7435875
11,8,4.47094,4.4385743,4.398458,4.4097376,4.360435,4.2356577,4.3593516,4.3855734,4.41852,4.518612,4.587628,4.8408675,4.755284
11,9,4.495955,4.4677844,4.4312105,4.4454536,4.4005756,4.280183,4.4002805,4.430415,4.4688125,4.5591803,4.6163526,4.8537536,4.782799
11,10,4.491508,4.46012,4.4219484,4.435623,4.3911467,4.270745,4.3767877,4.401392,4.4419184,4.53382,4.5931087,4.8319626,4.760108
12,1,4.36874,4.327649,4.280267,4.285401,4.226226,4.0819197,4.196361,4.247657,4.3373857,4.4638543,4.5643806,4.854369,4.78171
12,2,4.3967366,4.359093,4.314751,4.3224893,4.267176,4.12453,4.2215486,4.2594213,4.3415837,4.4709406,4.5686965,4.855735,4.768137
12,3,4.395015,4.3561215,4.3110137,4.318364,4.2631183,4.1243424,4.231971,4.2757783,4.3597727,4.486678,4.5852327,4.8726707,4.7786756
12,4,4.4236894,4.3826585,4.336224,4.3428454,4.2873316,4.1516037,4.264021,4.304125,4.3698554,4.479567,4.572197,4.8638983,4.763356
12,5,4.4362245,4.3997602,4.357308,4.367368,4.3172708,4.188514,4.2969584,4.3334036,4.397763,4.508417,4.605859,4.89808,4.789577
12,6,4.429091,4.3928523,4.352257,4.365173,4.3221135,4.2107553,4.324542,4.355144,4.405241,4.5064263,4.604983,4.916815,4.813349
12,7,4.4519124,4.412829,4.36922,4.3790927,4.3302126,4.206177,4.3124886,4.343459,4.3957,4.495997,4.5948915,4.9016066,4.8038473
12,8,4.381574,4.3459053,4.306635,4.321247,4.2817044,4.1740274,4.2723174,4.290164,4.3310056,4.432528,4.538602,4.8457956,4.7337966
12,9,4.3727727,4.3434324,4.312655,4.336751,4.316158,4.2414136,4.3229275,4.3202114,4.35287,4.463811,4.5806336,4.861322,4.732834
12,10,4.359464,4.3426094,4.321674,4.3536453,4.3447657,4.2907133,4.393188,4.3938503,4.4158335,4.515123,4.6200604,4.8617153,4.7149997
13,1,4.415797,4.364773,4.3118863,4.3144307,4.2547874,4.111123,4.2000985,4.244326,4.339768,4.4625382,4.564777,4.861387,4.7851195
13,2,4.3776183,4.3287525,4.27798,4.28253,4.2264256,4.088798,4.175045,4.20954,4.2937427,4.4196725,4.526953,4.8292413,4.752455
13,3,4.356823,4.310604,4.262949,4.270737,4.220593,4.090202,4.1616254,4.186584,4.2656426,4.388131,4.495021,4.8217206,4.747416
13,4,4.3526764,4.311134,4.266509,4.276147,4.227425,4.0950136,4.163109,4.1866703,4.2592964,4.3717437,4.4748087,4.800508,4.729033
13,5,4.3398366,4.296256,4.250849,4.260545,4.213346,4.0867634,4.151397,4.1594214,4.2123747,4.328605,4.4352384,4.7956853,4.7372646
13,6,4.342303,4.304169,4.264109,4.278934,4.241062,4.133491,4.2067146,4.20791,4.24951,4.3684745,4.4788237,4.820559,4.7430234
13,7,4.3007383,4.2710924,4.238038,4.2587924,4.230645,4.1454277,4.2495303,4.259339,4.286955,4.3839793,4.476603,4.8069124,4.725896
13,8,4.2964683,4.269591,4.23938,4.262963,4.2402205,4.1675835,4.284433,4.3028374,4.332788,4.4162054,4.4850626,4.8021846,4.724845
13,9,4.307504,4.2765145,4.2439303,4.2662783,4.242855,4.168357,4.269228,4.280366,4.314631,4.406919,4.4793673,4.801518,4.7197504
13,10,4.3382215,4.3072357,4.274377,4.296283,4.271774,4.194896,4.2917128,4.291768,4.3143435,4.414981,4.4912724,4.8093467,4.722652
14,1,4.368449,4.3278313,4.2838926,4.2941914,4.2472377,4.127275,4.2328863,4.2774835,4.3593454,4.466241,4.5520988,4.8249044,4.740446
14,2,4.3822336,4.3425226,4.2983427,4.30762,4.2572803,4.12547,4.2211027,4.270581,4.3646636,4.4718223,4.5567307,4.823646,4.74118
14,3,4.3912168,4.354343,4.3115754,4.3212876,4.270103,4.1329994,4.2238116,4.268353,4.357399,4.4672966,4.5537024,4.8153644,4.7243886
14,4,4.391795,4.3644447,4.3260527,4.3368096,4.2825356,4.1369796,4.248671,4.291347,4.3601084,4.4722333,4.554678,4.815594,4.718971
14,5,4.371924,4.3396335,4.297436,4.305205,4.246543,4.092516,4.1916604,4.22774,4.2920947,4.4036694,4.489307,4.769863,4.6871367
14,6,4.389379,4.3585324,4.3189754,4.330011,4.2782927,4.136394,4.2337027,4.27949,4.3568597,4.453462,4.531071,4.7971797,4.7266445
14,7,4.3932886,4.3510265,4.303747,4.3096485,4.2524323,4.104737,4.1854706,4.2204714,4.2928457,4.392536,4.4728127,4.760995,4.689774
14,8,4.4340596,4.386405,4.3360996,4.3405733,4.283231,4.138522,4.2141075,4.2457876,4.313782,4.4079604,4.498277,4.786585,4.713397
14,9,4.4517384,4.405017,4.354681,4.3584933,4.2988315,4.1470647,4.2192945,4.2537847,4.324948,4.413566,4.4858994,4.7664194,4.699427
14,10,4.4435887,4.3981757,4.34845,4.3524823,4.2928834,4.144791,4.228632,4.2542996,4.31089,4.413563,4.490743,4.7738934,4.7036877
15,1,4.4021254,4.3593645,4.3130584,4.3209386,4.269431,4.1413445,4.2482243,4.295996,4.3786597,4.4836435,4.572749,4.848708,4.763432
15,2,4.390063,4.3470416,4.30062,4.308433,4.2566905,4.1252713,4.2215853,4.268823,4.3574967,4.461654,4.543403,4.825807,4.7426443
15,3,4.3876424,4.3489633,4.3071914,4.319661,4.276519,4.1598725,4.2495985,4.2800384,4.3550215,4.4705358,4.565632,4.8505607,4.7607336
15,4,4.354783,4.3232403,4.285931,4.301051,4.2600675,4.1454763,4.245705,4.272169,4.332987,4.449525,4.548693,4.837423,4.7415338
15,5,4.328844,4.2982173,4.261401,4.276683,4.235304,4.1165,4.208686,4.234978,4.2996397,4.4155064,4.516269,4.812259,4.7277374
15,6,4.3706083,4.331592,4.2865963,4.293993,4.2379146,4.084435,4.141818,4.1597204,4.227002,4.344456,4.4511695,4.772933,4.6964483
15,7,4.3285627,4.2866035,4.240135,4.24703,4.191545,4.0409107,4.0967364,4.1164856,4.1839924,4.294131,4.4124436,4.7338414,4.66201
15,8,4.336231,4.2922487,4.2441883,4.2498336,4.192627,4.040452,4.100294,4.126139,4.196912,4.3007603,4.4195795,4.7296257,4.6518445
15,9,4.328128,4.291211,4.2444873,4.24777,4.180154,3.9987278,4.0626593,4.099377,4.17603,4.2810864,4.4106755,4.7233214,4.6534085
15,10,4.3833213,4.348618,4.304783,4.311209,4.249577,4.0755057,4.1218166,4.1439137,4.20898,4.3098207,4.4344525,4.74515,4.669535
16,1,4.459406,4.4120607,4.361974,4.366655,4.309887,4.169521,4.2586126,4.299973,4.386544,4.5004387,4.5960946,4.8693304,4.7862325
16,2,4.495499,4.461452,4.42304,4.438063,4.398824,4.2947545,4.415152,4.458558,4.527086,4.6238813,4.6920567,4.927866,4.8261237
16,3,4.475667,4.442269,4.4039836,4.4187813,4.3784823,4.270442,4.3883667,4.436819,4.517356,4.6180096,4.6768928,4.918084,4.8255005
16,4,4.497406,4.466001,4.428249,4.4425836,4.399636,4.28125,4.391112,4.440324,4.528511,4.6374903,4.712724,4.9526477,4.861248
16,5,4.5029488,4.461256,4.415754,4.424166,4.372933,4.2401795,4.336106,4.3926387,4.5026393,4.6177583,4.706571,4.942279,4.858596
16,6,4.4487295,4.4154015,4.3751016,4.386596,4.337961,4.20935,4.3270416,4.3916764,4.5013566,4.6200614,4.713746,4.9607296,4.877179
16,7,4.4174867,4.37044,4.3205924,4.3254504,4.268864,4.127863,4.224589,4.29339,4.4260926,4.55315,4.670544,4.9531565,4.8756075
16,8,4.3840046,4.339041,4.291213,4.2979603,4.244603,4.10811,4.2046356,4.2803106,4.4275002,4.557158,4.6725717,4.956712,4.885745
16,9,4.3122897,4.2718334,4.2276673,4.2374845,4.189174,4.065214,4.1818223,4.2679706,4.428536,4.5698595,4.677406,4.9678893,4.8999057
16,10,4.3569283,4.314727,4.26922,4.2780004,4.2282343,4.1020617,4.213795,4.2957826,4.460864,4.6150765,4.7106647,4.990086,4.9078674
17,1,4.422822,4.375943,4.326969,4.33315,4.279869,4.1480618,4.2414308,4.2837076,4.369811,4.4808407,4.5715137,4.867054,4.7947087
17,2,4.397159,4.353299,4.3051486,4.3107123,4.253889,4.110821,4.200845,4.2399983,4.3217664,4.4376774,4.539415,4.8446083,4.7744265
17,3,4.295605,4.251677,4.203771,4.20976,4.1539817,4.012709,4.1034575,4.1500254,4.245468,4.3633695,4.4641237,4.756685,4.68451
17,4,4.306547,4.2620907,4.2148385,4.222191,4.1700397,4.0363393,4.1237473,4.16854,4.265412,4.382675,4.483142,4.766169,4.6889644
17,5,4.2944765,4.2575026,4.2164807,4.2289295,4.1839805,4.053669,4.1259437,4.1816716,4.2993402,4.3974133,4.470724,4.7485194,4.698104
17,6,4.2800803,4.230435,4.178739,4.1820345,4.1220107,3.9594502,3.9962947,4.0483627,4.193352,4.3219085,4.4220924,4.729934,4.679918
17,7,4.284865,4.2430387,4.196108,4.202006,4.143134,3.9741218,4.0015383,4.0450916,4.187612,4.330269,4.4418883,4.728749,4.6723676
17,8,4.1809487,4.137107,4.0883207,4.092499,4.030524,3.8541324,3.8731294,3.913463,4.0591254,4.211232,4.3385105,4.630791,4.5706625
17,9,4.191691,4.143544,4.0923085,4.0952954,4.033103,3.8589406,3.877073,3.9250848,4.0830584,4.2307935,4.3538847,4.6455784,4.5916677
17,10,4.1450844,4.0999374,4.050539,4.0545845,3.9932117,3.8203454,3.848126,3.902359,4.0563536,4.191057,4.311252,4.6036906,4.5465117
18,1,4.454325,4.4105787,4.3639164,4.371803,4.320708,4.191315,4.287214,4.331745,4.4201713,4.5319767,4.6291757,4.9032836,4.817134
18,2,4.4539623,4.4122877,4.3677077,4.377576,4.329873,4.204421,4.2921567,4.33138,4.424794,4.5480146,4.642161,4.9065533,4.809209
18,3,4.4409175,4.395936,4.347933,4.3544593,4.300805,4.166618,4.258279,4.29414,4.373682,4.493035,4.5971775,4.8914037,4.801037
18,4,4.417571,4.376683,4.330582,4.3375783,4.2825885,4.144003,4.2431836,4.2807636,4.3513145,4.4620337,4.560662,4.864269,4.7683477
18,5,4.383045,4.3341146,4.2806144,4.280856,4.214223,4.0537376,4.1416454,4.17964,4.262824,4.391287,4.5029354,4.80063,4.699744
18,6,4.435765,4.393446,4.345321,4.34991,4.2895026,4.134823,4.214601,4.2487326,4.328691,4.448556,4.5457697,4.8373494,4.7399893
18,7,4.411264,4.38488,4.3439574,4.3499537,4.282835,4.1016893,4.1896772,4.224499,4.290284,4.410645,4.51276,4.827034,4.7417264
18,8,4.435692,4.392179,4.3372345,4.33167,4.2469525,4.038225,4.113569,4.1552444,4.249552,4.395069,4.5004077,4.832366,4.741799
18,9,4.3794756,4.3499556,4.307632,4.313459,4.2483134,4.078695,4.181354,4.2203197,4.2883244,4.4110103,4.498322,4.7939954,4.6938453
18,10,4.4459414,4.405287,4.354714,4.3543863,4.2810454,4.099358,4.187125,4.221474,4.2904415,4.4138355,4.501637,4.803536,4.6823316
19,1,4.4268465,4.3893647,4.3446436,4.351684,4.294612,4.1487446,4.2503586,4.291441,4.3701572,4.492756,4.5977535,4.8823977,4.7971883
19,2,4.434206,4.402682,4.3610625,4.3693204,4.3116393,4.1626415,4.2814612,4.334003,4.408764,4.516911,4.6308484,4.8947353,4.8194056
19,3,4.4465213,4.418945,4.38329,4.3986197,4.3560433,4.2404165,4.3707795,4.4219728,4.4859905,4.575812,4.6732264,4.932508,4.853654
19,4,4.372537,4.3414006,4.3046527,4.320526,4.281716,4.179,4.312565,4.358234,4.4160624,4.510089,4.6217256,4.904253,4.8233023
19,5,4.386286,4.3602204,4.324631,4.3391643,4.2939067,4.174296,4.308018,4.344339,4.392467,4.5046644,4.6032968,4.9130754,4.831171
19,6,4.330801,4.304369,4.2689795,4.2841315,4.240947,4.130172,4.275646,4.3120728,4.3548717,4.465476,4.5444975,4.845617,4.7597065
19,7,4.270965,4.2479763,4.2133656,4.227602,4.18006,4.0582995,4.205713,4.2359014,4.274466,4.404513,4.4850693,4.7915645,4.6988783
19,8,4.229422,4.2190685,4.1942315,4.2160177,4.1787233,4.067157,4.211869,4.239442,4.2785087,4.4134555,4.520008,4.788287,4.6827583
19,9,4.2125244,4.197596,4.1702423,4.1908455,4.153261,4.0405526,4.168184,4.190894,4.240111,4.384579,4.490308,4.7654643,4.6663423
19,10,4.1873355,4.174572,4.1469893,4.165871,4.122752,3.9972851,4.1306133,4.157373,4.204839,4.3480315,4.4494257,4.711685,4.6152244
20,1,4.428891,4.3821096,4.3331366,4.3392835,4.285979,4.1555834,4.2565084,4.3045077,4.400607,4.523871,4.634868,4.921842,4.836654
20,2,4.4489627,4.403197,4.353778,4.358581,4.3013787,4.162308,4.2639008,4.310412,4.4087996,4.5451202,4.6512637,4.9525437,4.863158
20,3,4.4233932,4.3784328,4.330373,4.3368115,4.283,4.149356,4.245288,4.286658,4.3772326,4.5054965,4.6140146,4.9390707,4.8553996
20,4,4.3397884,4.2955394,4.2485547,4.2560377,4.203256,4.0576367,4.1066527,4.139629,4.2607284,4.415246,4.547958,4.8682075,4.7844357
20,5,4.296005,4.2616167,4.2207665,4.2318583,4.181959,4.039329,4.1115813,4.1578755,4.2809815,4.4310775,4.572174,4.8776207,4.7960925
20,6,4.2591457,4.2249293,4.184269,4.1955705,4.1461287,4.005001,4.075471,4.116955,4.244283,4.410452,4.535365,4.859547,4.7809157
20,7,4.248176,4.2127686,4.1719975,4.183869,4.136555,4.0005727,4.066961,4.1000786,4.212345,4.369396,4.499051,4.834766,4.758826
20,8,4.2683697,4.240323,4.2059574,4.223582,4.186592,4.0790353,4.1844735,4.221638,4.3295884,4.501134,4.609577,4.939979,4.859241
20,9,4.1653247,4.1412163,4.1125245,4.136839,4.114409,4.0439944,4.1871076,4.2468853,4.3700266,4.5341907,4.6584764,4.9746594,4.896343
20,10,4.2558846,4.221964,4.184849,4.201829,4.167165,4.0710783,4.1884913,4.243692,4.372744,4.5400343,4.6713104,4.9931307,4.9187627
21,1,4.398942,4.347992,4.293594,4.2935934,4.2272377,4.0635724,4.135514,4.179908,4.2849164,4.4116187,4.51034,4.7985115,4.7283196
21,2,4.404399,4.354892,4.3005395,4.299678,4.2301846,4.057287,4.1232533,4.1602283,4.258919,4.394388,4.5009274,4.791791,4.725608
21,3,4.446103,4.3976645,4.3449664,4.345992,4.2800756,4.109441,4.156948,4.183772,4.2813897,4.4205723,4.5329843,4.8103814,4.729793
21,4,4.436938,4.3844147,4.3279505,4.325566,4.2539525,4.0748067,4.1224403,4.146413,4.2375054,4.3778725,4.49247,4.7848682,4.707295
21,5,4.3938017,4.3448806,4.2905765,4.2893558,4.2182813,4.0373697,4.086044,4.1116176,4.206745,4.352179,4.4666867,4.750237,4.6642957
21,6,4.446003,4.3922157,4.3348513,4.3318295,4.2594533,4.0794816,4.125626,4.149677,4.242405,4.383126,4.4925294,4.7863617,4.694261
21,7,4.463689,4.4192104,4.369539,4.372955,4.3106995,4.1491704,4.2077694,4.2254276,4.2941747,4.4186897,4.5178533,4.816617,4.7218375
21,8,4.463699,4.4140506,4.3613586,4.363194,4.3001895,4.1387577,4.1870203,4.2011943,4.2731123,4.399325,4.5000916,4.8044796,4.719937
21,9,4.436877,4.3930945,4.3431845,4.345734,4.2806873,4.1097755,4.1609836,4.1815968,4.2615304,4.392516,4.4948444,4.7966924,4.7222896
21,10,4.4125724,4.369503,4.320403,4.323691,4.259501,4.0835576,4.110881,4.1228437,4.209522,4.3495975,4.4539676,4.774852,4.7098093
22,1,4.4029737,4.3650413,4.3227744,4.3341136,4.288359,4.173591,4.295374,4.3398523,4.4054394,4.501787,4.578383,4.8381786,4.752244
22,2,4.428601,4.3809543,4.330552,4.3350496,4.278655,4.1473293,4.2622952,4.3038383,4.365729,4.462756,4.541669,4.8124323,4.733714
22,3,4.4555893,4.411606,4.3641896,4.37113,4.3183675,4.191888,4.3060064,4.346019,4.409115,4.508977,4.5823593,4.855678,4.7690616
22,4,4.509272,4.464103,4.4167504,4.4245615,4.374768,4.2565885,4.371397,4.410949,4.478694,4.5818615,4.6355076,4.89202,4.7890396
22,5,4.5456,4.497668,4.44669,4.4505324,4.3930917,4.264463,4.3913474,4.4285197,4.473483,4.563293,4.6072907,4.8633285,4.7674823
22,6,4.4401026,4.3865185,4.3312826,4.3318486,4.269691,4.131419,4.2444797,4.28045,4.3258977,4.406038,4.4468393,4.6795063,4.575001
22,7,4.51569,4.458115,4.4018393,4.403245,4.3455725,4.2185187,4.3230505,4.351528,4.373438,4.41579,4.4419637,4.6865163,4.5860133
22,8,4.493105,4.4377913,4.3820643,4.3829117,4.322406,4.1872516,4.2949376,4.333318,4.3779016,4.439254,4.467065,4.6935205,4.594735
22,9,4.441225,4.395,4.34758,4.3560414,4.3089576,4.203044,4.334825,4.370984,4.3972635,4.448111,4.4560227,4.671624,4.571977
22,10,4.425908,4.375296,4.324101,4.329274,4.2767243,4.1597123,4.2794647,4.306898,4.331641,4.397721,4.429711,4.644532,4.5431385
23,1,4.4354734,4.388376,4.339498,4.3460345,4.2940736,4.169219,4.2764115,4.3219132,4.404653,4.5146003,4.6053257,4.885224,4.805562
23,2,4.418912,4.369883,4.3197427,4.3254848,4.2727833,4.147467,4.251889,4.2952867,4.3746347,4.4808555,4.56797,4.861411,4.779961
23,3,4.484942,4.4367537,4.3866954,4.391985,4.337393,4.204233,4.295694,4.3288894,4.3944464,4.493709,4.5784545,4.864777,4.7705464
23,4,4.4525437,4.4009786,4.346359,4.346415,4.280682,4.1199875,4.189664,4.2177215,4.2984166,4.427017,4.5335026,4.823183,4.7288413
23,5,4.4800463,4.430684,4.376933,4.3768554,4.308775,4.1335516,4.1757617,4.194299,4.2721395,4.394841,4.4923573,4.7699947,4.6745944
23,6,4.4905844,4.4252515,4.3568387,4.3433666,4.2520847,4.0316124,4.045652,4.061747,4.1497755,4.2845397,4.4026103,4.7197795,4.631199
23,7,4.4714956,4.4149327,4.35266,4.3434925,4.2574673,4.0455837,4.0726023,4.078497,4.1328154,4.2538443,4.3814325,4.742891,4.6592937
23,8,4.4880958,4.4367967,4.378162,4.3713913,4.2875075,4.0715156,4.084089,4.0880527,4.1457615,4.2607646,4.3738875,4.7173467,4.634093
23,9,4.4890904,4.4442177,4.3893147,4.3844495,4.301238,4.083152,4.1025605,4.1041245,4.150034,4.2629247,4.381202,4.708426,4.6274323
23,10,4.419401,4.370198,4.313142,4.307588,4.2254915,4.0135775,4.033367,4.0381103,4.094474,4.213461,4.3355556,4.665965,4.5744896
24,1,4.404159,4.361324,4.315321,4.323736,4.2736144,4.148928,4.2561426,4.3008018,4.378834,4.483904,4.5767155,4.849586,4.774421
24,2,4.4063764,4.3623137,4.3159614,4.324584,4.275697,4.153856,4.2578616,4.3034916,4.3899517,4.500627,4.5905743,4.8570786,4.7798066
24,3,4.439424,4.4047465,4.366449,4.382038,4.344519,4.2437725,4.3624945,4.409161,4.4858108,4.583918,4.6576786,4.899053,4.81309
24,4,4.468102,4.4288096,4.386678,4.3990645,4.3565917,4.247983,4.3613605,4.405137,4.488429,4.6030126,4.6787286,4.927955,4.847345
24,5,4.4723616,4.43153,4.3874655,4.397722,4.3508987,4.2326164,4.342087,4.3913536,4.4914374,4.618306,4.690343,4.944384,4.866188
24,6,4.4633393,4.420057,4.373938,4.3824396,4.3327413,4.208323,4.314979,4.375127,4.4977236,4.6316457,4.7077,4.94867,4.8617253
24,7,4.484747,4.4434266,4.399638,4.410623,4.3658023,4.250995,4.358381,4.414381,4.5271,4.65222,4.726552,4.9852138,4.8957696
24,8,4.49621,4.460666,4.4222975,4.4383435,4.4025817,4.3072734,4.4275975,4.4822345,4.5929203,4.7227597,4.772539,5.025037,4.926309
24,9,4.4370766,4.3999853,4.3593245,4.3727145,4.3315053,4.226549,4.3494115,4.4061804,4.5311394,4.6881213,4.7446556,5.002274,4.900478
24,10,4.4485164,4.4076552,4.366204,4.38074,4.3448644,4.2558002,4.3828535,4.4426193,4.569754,4.7185135,4.774473,5.027521,4.9221106
25,1,4.430363,4.379936,4.327691,4.3309226,4.2727737,4.134333,4.229488,4.2692523,4.35039,4.465168,4.5554214,4.8524766,4.77857
25,2,4.419103,4.3690324,4.3179655,4.322934,4.2692246,4.1452894,4.2572722,4.3001633,4.3853807,4.5115323,4.5968814,4.880295,4.8086944
25,3,4.4081287,4.367836,4.3222446,4.329775,4.276169,4.1459045,4.266491,4.3147655,4.400102,4.5262384,4.6092396,4.885866,4.809809
25,4,4.367183,4.332302,4.288926,4.296543,4.2395897,4.096618,4.216928,4.2694087,4.3625617,4.498447,4.593128,4.867113,4.7812943
25,5,4.349818,4.329488,4.295144,4.308038,4.255095,4.114351,4.2530003,4.303015,4.377616,4.509791,4.579346,4.8451467,4.756904
25,6,4.4112234,4.385976,4.348602,4.359754,4.305596,4.1648746,4.297668,4.345635,4.42217,4.556063,4.630997,4.903946,4.8226733
25,7,4.3736067,4.3424244,4.3022428,4.3126473,4.2603025,4.126198,4.247695,4.291035,4.3790326,4.527069,4.5993814,4.8755255,4.787373
25,8,4.376858,4.3426147,4.3018622,4.3133826,4.2661657,4.151056,4.291105,4.341111,4.433207,4.582258,4.6523848,4.924104,4.8410983
25,9,4.4194555,4.3818865,4.3392563,4.34981,4.3020153,4.184028,4.316722,4.379145,4.4849834,4.616944,4.7143383,4.9695415,4.893193
25,10,4.4301114,4.397577,4.360835,4.377532,4.341285,4.2407064,4.3612356,4.4193907,4.5268974,4.6500835,4.7448463,4.982962,4.9082184
26,1,4.419448,4.378728,4.3335843,4.3420186,4.2905226,4.1603775,4.2645397,4.3066506,4.384043,4.494555,4.587387,4.856115,4.7757154
26,2,4.4128876,4.374023,4.3305454,4.34048,4.291564,4.16669,4.2742534,4.3147554,4.385937,4.491705,4.5795236,4.854639,4.77696
26,3,4.4133787,4.383667,4.346054,4.359603,4.313962,4.1924853,4.315117,4.358004,4.4174194,4.5145073,4.599117,4.877568,4.79777
26,4,4.4147005,4.390542,4.357664,4.3753076,4.3364305,4.2288795,4.366366,4.4126863,4.462099,4.544476,4.6267357,4.8987722,4.8133116
26,5,4.447666,4.421066,4.386018,4.401702,4.3593884,4.2438383,4.37691,4.430748,4.493093,4.5760612,4.6744075,4.9203396,4.838705
26,6,4.4540086,4.4257913,4.3905015,4.406844,4.367271,4.2600465,4.3935866,4.444002,4.5080714,4.599084,4.689811,4.9341416,4.838482
26,7,4.43872,4.4146705,4.381241,4.3979263,4.3565993,4.2432537,4.3849444,4.4452434,4.5201793,4.6159663,4.71075,4.955854,4.867042
26,8,4.4328184,4.40475,4.370483,4.3883734,4.3525705,4.2542853,4.396938,4.4639783,4.5505843,4.6407447,4.740992,4.9811087,4.8879924
26,9,4.400601,4.375748,4.3451815,4.3669734,4.3388386,4.256694,4.403475,4.4642286,4.545992,4.6427107,4.737282,4.9836545,4.8990836
26,10,4.4365716,4.414772,4.386947,4.4111733,4.38702,4.3107324,4.457264,4.5196266,4.602676,4.692067,4.771247,4.997354,4.915676
27,1,4.454503,4.4068165,4.355909,4.3594923,4.3002343,4.1544952,4.2415595,4.279773,4.3604836,4.4730797,4.5654955,4.8507,4.770686
27,2,4.480715,4.4305425,4.377885,4.3801527,4.3187776,4.1642704,4.2301526,4.266891,4.3571405,4.4669337,4.5545373,4.838807,4.758373
27,3,4.581412,4.526237,4.468627,4.466099,4.395865,4.2221994,4.2699447,4.2925763,4.365079,4.471268,4.561348,4.8544927,4.7718606
27,4,4.524785,4.4786205,4.428089,4.431133,4.3687177,4.204032,4.2483745,4.2631125,4.3349476,4.4561005,4.5542316,4.822572,4.7351837
27,5,4.4704103,4.4213176,4.3685884,4.3700123,4.3056555,4.1410317,4.1958084,4.224575,4.3104544,4.4276967,4.522158,4.792293,4.7058153
27,6,4.484633,4.4346576,4.3831997,4.387258,4.330158,4.1848927,4.245762,4.267827,4.338757,4.4457765,4.527647,4.7886844,4.698659
27,7,4.5492578,4.4958434,4.441802,4.4438753,4.3839006,4.2324357,4.278804,4.286437,4.342446,4.4498754,4.533907,4.785849,4.6829615
27,8,4.558815,4.5045,4.450616,4.4534936,4.39599,4.249579,4.2877307,4.2821727,4.324404,4.4344234,4.5287848,4.807286,4.7056675
27,9,4.528062,4.4747534,4.4220715,4.426248,4.37137,4.2309685,4.270499,4.2591624,4.296044,4.4124956,4.507938,4.7850885,4.681517
27,10,4.549888,4.48635,4.4267015,4.4261255,4.365581,4.213724,4.22573,4.212141,4.2669196,4.390176,4.487098,4.787573,4.693259
28,1,4.4106417,4.3650737,4.314684,4.317756,4.2559066,4.1031113,4.194358,4.240998,4.3329377,4.4497523,4.54165,4.8329935,4.7511525
28,2,4.384542,4.3434587,4.295118,4.298585,4.2346673,4.0717607,4.1577134,4.205188,4.301088,4.421502,4.513898,4.823795,4.7439713
28,3,4.3779316,4.3402057,4.295637,4.302976,4.2463007,4.0951924,4.1696515,4.195354,4.2722926,4.404429,4.5093145,4.843305,4.7586775
28,4,4.3720145,4.3310924,4.2851276,4.2922544,4.2370806,4.0914807,4.1674356,4.197891,4.277801,4.401726,4.5210767,4.8239727,4.738566
28,5,4.3952274,4.3547926,4.309827,4.3182964,4.2663774,4.1309133,4.214574,4.2358212,4.295459,4.4154997,4.5320654,4.844931,4.753271
28,6,4.3049936,4.275441,4.23583,4.2459784,4.1913548,4.043426,4.142393,4.1750507,4.2364855,4.3564973,4.49144,4.801126,4.7067084
28,7,4.280699,4.253382,4.2170153,4.230946,4.1842933,4.0534897,4.158223,4.1932974,4.2578044,4.373556,4.4967647,4.789999,4.694716
28,8,4.2690525,4.239658,4.2037225,4.219683,4.1794577,4.0657563,4.1788855,4.226966,4.309619,4.4200873,4.537985,4.821406,4.730338
28,9,4.220646,4.1984625,4.170484,4.194505,4.169184,4.079198,4.1966314,4.266234,4.3702564,4.4563227,4.624487,4.8716407,4.786129
28,10,4.2627482,4.2388544,4.211273,4.2370853,4.217614,4.1462445,4.2767677,4.3435726,4.4327636,4.506974,4.664925,4.8905044,4.7999225
29,1,4.3258495,4.2932415,4.255826,4.271562,4.233318,4.132405,4.2606096,4.3059716,4.378795,4.4866323,4.5610514,4.81013,4.7228093
29,2,4.372611,4.3438168,4.310177,4.3295383,4.297831,4.2092752,4.3432302,4.3917336,4.465558,4.566997,4.6362815,4.872769,4.7824354
29,3,4.397022,4.3703923,4.338115,4.3582873,4.3272324,4.239023,4.374329,4.418643,4.4809074,4.576373,4.6449385,4.8980675,4.8104386
29,4,4.4071546,4.380017,4.347585,4.3678355,4.337312,4.25085,4.388937,4.437777,4.50328,4.595126,4.673423,4.9368362,4.8551536
29,5,4.390321,4.3586864,4.323427,4.3419895,4.3100863,4.222629,4.356858,4.411235,4.4904475,4.5863996,4.676777,4.9348307,4.8491077
29,6,4.500251,4.470428,4.437493,4.4586987,4.432518,4.361148,4.511201,4.5632954,4.628216,4.71778,4.8030796,5.0569625,4.9637065
29,7,4.430429,4.4022107,4.370184,4.3918943,4.3662634,4.2991214,4.458139,4.498722,4.5472336,4.650015,4.725911,4.9746146,4.8710966
29,8,4.359649,4.3287477,4.294833,4.315208,4.287911,4.217867,4.3711157,4.4101334,4.4645844,4.576527,4.6584835,4.912267,4.822849
29,9,4.366017,4.3366303,4.3028693,4.3225145,4.292368,4.2138276,4.364545,4.4047203,4.458272,4.5661216,4.643984,4.9010186,4.8153505
29,10,4.4041333,4.3783894,4.3482404,4.371394,4.3477855,4.28396,4.447241,4.4887476,4.530484,4.622151,4.6915145,4.944326,4.8594413
30,1,4.3737683,4.323163,4.2707705,4.2737904,4.214809,4.069298,4.1479363,4.1899886,4.2940893,4.4263573,4.533035,4.8321977,4.768581
30,2,4.351711,4.3144093,4.2700467,4.2774305,4.220536,4.067942,4.146682,4.186815,4.2801466,4.404623,4.507629,4.8026357,4.7418776
30,3,4.332653,4.296417,4.253526,4.2626615,4.2097487,4.0696545,4.1634064,4.205359,4.2931905,4.413348,4.4970164,4.7878966,4.7317634
30,4,4.3802247,4.33675,4.2882295,4.2928705,4.233106,4.0778303,4.1490173,4.1871543,4.2840047,4.4087663,4.494232,4.7796693,4.7291236
30,5,4.3103423,4.2664475,4.216347,4.2186823,4.153273,3.9828115,4.045371,4.088336,4.202573,4.3411365,4.436026,4.7099943,4.6579165
30,6,4.296726,4.2551594,4.208068,4.2137957,4.1555343,4.002788,4.075396,4.1111364,4.2119055,4.351883,4.4429545,4.727096,4.6622467
30,7,4.2880974,4.2409835,4.189045,4.1905336,4.1253486,3.9608889,4.0284696,4.0612364,4.1607933,4.3083196,4.417608,4.719298,4.663068
30,8,4.317033,4.270164,4.2164235,4.2147818,4.141267,3.9522648,3.9983904,4.024621,4.12446,4.2789288,4.40621,4.7108026,4.6349015
30,9,4.378342,4.3269963,4.270449,4.267172,4.1925354,4.0048957,4.0478716,4.067912,4.160522,4.312219,4.419199,4.688757,4.619478
30,10,4.377603,4.3358607,4.284087,4.282332,4.205235,4.00418,4.0508413,4.075515,4.16441,4.3093414,4.416684,4.679556,4.605217
31,1,4.477281,4.440628,4.396407,4.403709,4.346692,4.1995883,4.298057,4.3362756,4.404796,4.5121603,4.59672,4.8669715,4.7880116
31,2,4.438782,4.3997917,4.3537993,4.359685,4.3003407,4.145564,4.229332,4.2695813,4.351703,4.4606657,4.5393624,4.820402,4.7577825
31,3,4.411832,4.370215,4.3218927,4.325729,4.2630568,4.1032968,4.1873393,4.2282968,4.3126483,4.4254336,4.5017314,4.769418,4.7194514
31,4,4.447861,4.4209056,4.376448,4.3771086,4.296988,4.0844874,4.162762,4.199016,4.2691326,4.3947406,4.488579,4.7591195,4.714871
31,5,4.4067774,4.3835063,4.3422503,4.345575,4.2691116,4.055141,4.111234,4.1382585,4.2116323,4.3463326,4.46954,4.7432866,4.692536
31,6,4.416957,4.3868585,4.340574,4.3401012,4.2582197,4.031722,4.0662365,4.0943975,4.1858716,4.326119,4.4480796,4.725833,4.686025
31,7,4.397396,4.366251,4.3198314,4.319837,4.239951,4.020528,4.063994,4.1009846,4.1961503,4.3237033,4.4358172,4.6970954,4.6478314
31,8,4.428437,4.3995852,4.3548756,4.3561225,4.277647,4.05742,4.090213,4.113208,4.191895,4.3192763,4.436421,4.699609,4.6456575
31,9,4.3954487,4.346504,4.2849245,4.271865,4.17059,3.9091632,3.9161453,3.9497173,4.063373,4.2074895,4.3393764,4.646144,4.607794
31,10,4.3992653,4.341517,4.2744865,4.258229,4.1543703,3.8894193,3.877742,3.9107277,4.0359306,4.177657,4.3043623,4.6153665,4.5875335
32,1,4.403041,4.3647547,4.3238664,4.337534,4.297253,4.1887374,4.2873716,4.3231974,4.408442,4.5330315,4.626953,4.8722453,4.777754
32,2,4.4071884,4.3721175,4.3333626,4.3484497,4.3098493,4.205764,4.317368,4.3569756,4.435829,4.5522575,4.6384416,4.8830266,4.790142
32,3,4.352424,4.3156395,4.278238,4.2965336,4.2667294,4.1809134,4.2848153,4.325337,4.4115987,4.51793,4.59729,4.838559,4.7526402
32,4,4.364424,4.334108,4.303216,4.3278856,4.3099904,4.2502904,4.371239,4.40868,4.481508,4.581263,4.647195,4.8743434,4.7819514
32,5,4.3333592,4.307946,4.278639,4.302762,4.2805185,4.209219,4.3376684,4.377909,4.4500422,4.555822,4.6148953,4.85212,4.761077
32,6,4.2698236,4.247025,4.2205358,4.2474933,4.2304997,4.168211,4.2994537,4.350821,4.4456115,4.557352,4.614052,4.844892,4.7530656
32,7,4.271761,4.2483,4.218837,4.24134,4.213225,4.1194386,4.230993,4.2949147,4.413518,4.5217867,4.5858665,4.829439,4.757623
32,8,4.3131814,4.3001766,4.280068,4.310959,4.2971315,4.2314224,4.3575563,4.4095073,4.5026083,4.605859,4.657742,4.889787,4.7985063
32,9,4.3309674,4.318726,4.2995696,4.331555,4.3201976,4.2627416,4.400403,4.4549384,4.5472474,4.651443,4.6962514,4.9370356,4.83986
32,10,4.385581,4.3797827,4.3642516,4.3979526,4.386751,4.325543,4.469393,4.5238647,4.610158,4.716777,4.7764497,5.0062327,4.90615
33,1,4.408931,4.3644867,4.315981,4.3213735,4.2646265,4.1237383,4.2191234,4.259877,4.342107,4.4593678,4.5581613,4.8443832,4.771282
33,2,4.4143567,4.37103,4.322566,4.327305,4.268189,4.1206393,4.216775,4.262393,4.3473577,4.460764,4.5666604,4.859026,4.78511
33,3,4.452782,4.4062138,4.3561363,4.3603644,4.3021154,4.159525,4.2541122,4.2951355,4.3788395,4.4985795,4.6057615,4.915275,4.841754
33,4,4.4121747,4.366868,4.3181067,4.3236303,4.2677274,4.1289787,4.2272987,4.2784452,4.3749948,4.492294,4.611893,4.923193,4.844616
33,5,4.4409347,4.394854,4.346804,4.3539577,4.3025794,4.1746335,4.272113,4.3198643,4.4135647,4.52771,4.637067,4.93355,4.8556952
33,6,4.635924,4.5905786,4.544692,4.554958,4.51135,4.407468,4.530405,4.5791073,4.6561074,4.7582173,4.860867,5.1505594,5.069022
33,7,4.5829835,4.536402,4.488161,4.49545,4.4453135,4.32792,4.4483013,4.49533,4.5788813,4.7004056,4.8028913,5.107074,5.039891
33,8,4.5839415,4.5281205,4.4738464,4.477391,4.424109,4.3086076,4.427521,4.4695797,4.557173,4.693796,4.781526,5.085817,5.026232
33,9,4.6084843,4.5563884,4.5051126,4.5110345,4.4609814,4.3468986,4.4617467,4.5085077,4.5962386,4.7162957,4.8198833,5.122207,5.06092
33,10,4.6110992,4.5654025,4.5177813,4.5255136,4.4759383,4.3595567,4.4776497,4.5194583,4.6026764,4.731688,4.805624,5.122454,5.065775
34,1,4.4120855,4.360341,4.306081,4.306838,4.243014,4.0875654,4.166703,4.2125654,4.3160048,4.4416685,4.547835,4.844032,4.7691593
34,2,4.3851285,4.329056,4.271509,4.269728,4.20227,4.0400214,4.11054,4.1567287,4.267495,4.397312,4.50818,4.8170953,4.7442365
34,3,4.3398976,4.283138,4.224067,4.2202454,4.147996,3.9730117,4.0326424,4.0748096,4.1832175,4.312451,4.4183674,4.728338,4.654129
34,4,4.3626695,4.308643,4.251745,4.2497625,4.180783,4.0172257,4.100107,4.1468306,4.2441645,4.3640447,4.459652,4.756788,4.680067
34,5,4.372666,4.321867,4.2636976,4.2575293,4.1756663,3.9746215,4.0363126,4.080973,4.1856747,4.318046,4.424557,4.7238355,4.6542635
34,6,4.393629,4.3417253,4.283073,4.2767887,4.195133,3.9926562,4.0432816,4.0834126,4.189793,4.3249087,4.4334702,4.7419066,4.6705017
34,7,4.4073873,4.361871,4.307851,4.304795,4.2263994,4.0188265,4.043914,4.071584,4.174077,4.309974,4.4224467,4.746192,4.685207
34,8,4.400189,4.356303,4.304463,4.303928,4.231048,4.038966,4.0827637,4.1174583,4.2165713,4.342277,4.4524736,4.75669,4.688779
34,9,4.3684964,4.322682,4.270109,4.2696166,4.1980357,4.009782,4.0489182,4.0754337,4.161293,4.280804,4.399441,4.737122,4.6779585
34,10,4.386176,4.3449993,4.297456,4.3019757,4.2393513,4.062304,4.084492,4.1027603,4.180797,4.280907,4.3756294,4.6849103,4.628195
35,1,4.434716,4.3920255,4.3455944,4.3531504,4.300414,4.1646566,4.251559,4.28791,4.3674245,4.47829,4.56737,4.839664,4.7653522
35,2,4.373147,4.322183,4.2685843,4.269892,4.206869,4.051927,4.1267176,4.1652393,4.2561407,4.3750186,4.4756346,4.778422,4.7084956
35,3,4.3794336,4.3370533,4.28902,4.293815,4.234065,4.082301,4.1670637,4.199302,4.267604,4.377935,4.4776287,4.7791047,4.7085495
35,4,4.3874803,4.351332,4.3093095,4.3198004,4.270295,4.1393228,4.2357187,4.2653437,4.3211365,4.4212756,4.510557,4.789193,4.711676
35,5,4.371896,4.3379283,4.2988915,4.312728,4.2698574,4.1493635,4.2360907,4.2572956,4.3120356,4.41846,4.516605,4.791412,4.7120514
35,6,4.35775,4.3152103,4.269141,4.277121,4.225061,4.0872684,4.1576247,4.176475,4.2427373,4.363686,4.4716387,4.7508245,4.672953
35,7,4.3657317,4.3135457,4.2601523,4.262515,4.202636,4.052589,4.113162,4.1399302,4.226685,4.3513803,4.4514127,4.738408,4.6696525
35,8,4.3084073,4.254392,4.198183,4.1971564,4.1298614,3.9616337,4.011707,4.042286,4.1463346,4.28584,4.3900905,4.67847,4.6208057
35,9,4.2903295,4.2596455,4.216319,4.2210317,4.152698,3.9618428,4.0133815,4.044247,4.141537,4.285692,4.393103,4.6507382,4.5837936
35,10,4.2856355,4.2631416,4.2232075,4.228146,4.1551313,3.9478128,4.0026736,4.0335135,4.1275096,4.2804494,4.3926907,4.6489687,4.580995
36,1,4.449536,4.407978,4.363758,4.374223,4.328378,4.2128215,4.3196096,4.357676,4.4281754,4.532282,4.609345,4.8810134,4.80476
36,2,4.462661,4.4133067,4.3635235,4.370027,4.3193393,4.197813,4.296403,4.3331847,4.412853,4.528382,4.6094613,4.88353,4.806152
36,3,4.49449,4.4421225,4.390315,4.395541,4.3438506,4.2250295,4.3295507,4.3640494,4.440032,4.5613527,4.6410046,4.925749,4.8521695
36,4,4.434564,4.3986564,4.3542833,4.360993,4.302624,4.1593256,4.2826815,4.3267055,4.398441,4.5245805,4.6101046,4.897648,4.820062
36,5,4.369165,4.3272243,4.279598,4.2849474,4.2271547,4.09045,4.2181573,4.273885,4.3688045,4.5036783,4.5997434,4.8935113,4.832029
36,6,4.347147,4.301882,4.250993,4.2531724,4.1893983,4.03803,4.152989,4.2128277,4.318137,4.4498343,4.5466805,4.838761,4.7835326
36,7,4.303742,4.2746544,4.2380958,4.253054,4.211037,4.104081,4.250608,4.3052945,4.3899317,4.5155597,4.5705256,4.8384967,4.7668085
36,8,4.209122,4.19631,4.1694684,4.1896596,4.150234,4.038555,4.2012405,4.263169,4.3416314,4.4615965,4.5202236,4.7915163,4.724183
36,9,4.2813225,4.2688007,4.242011,4.2620745,4.222043,4.107456,4.267712,4.331776,4.4109282,4.52655,4.6016397,4.8836875,4.8131003
36,10,4.2634063,4.254147,4.2317524,4.2568064,4.2271533,4.1354313,4.3041024,4.3645797,4.434144,4.5422363,4.609775,4.871756,4.7881365
37,1,4.43948,4.389369,4.336646,4.3387895,4.2771673,4.1232653,4.191531,4.224478,4.322133,4.461099,4.5708976,4.854245,4.7735534
37,2,4.3901668,4.3437324,4.2942066,4.299184,4.2424626,4.1002254,4.1836615,4.22139,4.3185053,4.4570284,4.569032,4.8547444,4.7665267
37,3,4.3846154,4.3423576,4.2949414,4.3006697,4.243264,4.098179,4.189868,4.228698,4.319578,4.4565787,4.567635,4.843556,4.757444
37,4,4.357285,4.31979,4.2775373,4.288535,4.24123,4.117235,4.2192564,4.258882,4.3434205,4.469141,4.570129,4.856007,4.771836
37,5,4.371863,4.33335,4.2908125,4.302077,4.256432,4.141328,4.256795,4.2982316,4.3853674,4.5208616,4.607623,4.86853,4.7758293
37,6,4.3788705,4.3379374,4.293772,4.30398,4.2573485,4.1426783,4.262136,4.3096576,4.4005337,4.5295835,4.617329,4.876153,4.780148
37,7,4.367754,4.3327665,4.2944903,4.31046,4.2747936,4.187434,4.333167,4.376773,4.4473133,4.5711966,4.6455207,4.8783045,4.7938437
37,8,4.4167824,4.3812914,4.342033,4.3567357,4.318171,4.2234607,4.3625817,4.4052043,4.4809194,4.610253,4.671616,4.9242096,4.8311615
37,9,4.47358,4.43173,4.383539,4.387866,4.327179,4.1799073,4.291577,4.343299,4.4469976,4.591954,4.6763406,4.9399395,4.858191
37,10,4.496553,4.453927,4.4045005,4.407288,4.343038,4.185003,4.281819,4.32563,4.422901,4.5657544,4.647285,4.950164,4.8868213
38,1,4.4239507,4.376181,4.3257732,4.3302407,4.2733693,4.134975,4.2295914,4.269567,4.349199,4.4610076,4.5559416,4.837806,4.7625995
38,2,4.410778,4.3637314,4.31394,4.3188767,4.2624273,4.1210284,4.2051554,4.245248,4.332006,4.444367,4.541927,4.8299465,4.76069
38,3,4.478592,4.430031,4.3789754,4.3828106,4.3244047,4.177084,4.2496367,4.2849684,4.368769,4.477223,4.5695705,4.853256,4.7704525
38,4,4.4893055,4.4426384,4.39335,4.3988442,4.34349,4.203795,4.2816825,4.307414,4.371983,4.479181,4.5783706,4.8824854,4.7988725
38,5,4.4603825,4.4176135,4.3709025,4.378,4.3238754,4.181213,4.2492723,4.2689586,4.3330607,4.446468,4.5453434,4.8521338,4.7605233
38,6,4.4397664,4.399885,4.354604,4.3621387,4.3071704,4.159543,4.2232823,4.2357545,4.2906303,4.4070535,4.5106783,4.8342886,4.7469983
38,7,4.44503,4.4000273,4.3502603,4.353738,4.291396,4.122846,4.155495,4.1649513,4.239882,4.371653,4.489885,4.8210917,4.739797
38,8,4.534217,4.485653,4.432522,4.4328585,4.364954,4.1853185,4.2103696,4.2163343,4.2790246,4.393175,4.4956284,4.810004,4.726708
38,9,4.514186,4.4799194,4.4378047,4.446809,4.3917375,4.2381086,4.302731,4.3221087,4.371217,4.4605813,4.547737,4.8394485,4.7586827
38,10,4.4849696,4.451511,4.4101396,4.419818,4.3658834,4.2140884,4.278345,4.297146,4.347684,4.438729,4.517534,4.786973,4.7041264
39,1,4.4009137,4.3568707,4.3102875,4.318457,4.2680936,4.1385736,4.224246,4.259321,4.3427677,4.459442,4.5507865,4.8165665,4.73418
39,2,4.455835,4.4064393,4.355542,4.3601847,4.3044252,4.165187,4.2401104,4.2675014,4.3473935,4.4714313,4.570581,4.828393,4.757414
39,3,4.3964157,4.3470907,4.29733,4.303713,4.2520475,4.1200004,4.1875324,4.20967,4.285421,4.404154,4.500762,4.7550583,4.676537
39,4,4.381524,4.3338065,4.283158,4.2871118,4.228482,4.08033,4.149027,4.169166,4.2352543,4.352712,4.446975,4.7138915,4.642787
39,5,4.33572,4.293491,4.246787,4.2535567,4.198315,4.053185,4.1255097,4.1513066,4.2226863,4.3366985,4.429955,4.698753,4.63338
39,6,4.31812,4.269895,4.218746,4.2222214,4.1627374,4.0130777,4.084951,4.112426,4.182959,4.292049,4.3897586,4.659923,4.60282
39,7,4.29785,4.2548957,4.208057,4.215072,4.160907,4.0188556,4.094119,4.1256833,4.1983466,4.2997937,4.3913574,4.6656747,4.611394
39,8,4.2814555,4.2462854,4.2027016,4.2099614,4.151328,3.9924242,4.069233,4.1050186,4.178578,4.282137,4.382279,4.6518908,4.5978093
39,9,4.274699,4.2411747,4.1995883,4.2089844,4.154497,4.00286,4.0758114,4.1028233,4.1640754,4.263717,4.3663793,4.636564,4.584093
39,10,4.341605,4.3115883,4.272514,4.2837753,4.2320065,4.088466,4.1779113,4.203528,4.244262,4.328517,4.4190006,4.699262,4.6488156
40,1,4.4129252,4.37268,4.328501,4.338214,4.289743,4.168239,4.280826,4.3256025,4.40226,4.5090837,4.592947,4.8603907,4.7801237
40,2,4.401535,4.367168,4.327973,4.3419595,4.300441,4.1924024,4.3154736,4.357243,4.414745,4.5041547,4.583173,4.8489056,4.753287
40,3,4.3855686,4.3523784,4.3134403,4.327068,4.2838,4.169596,4.2866683,4.3236084,4.3773637,4.4700165,4.549836,4.819428,4.725214
40,4,4.4228773,4.3891535,4.3502917,4.364331,4.3221674,4.207641,4.3103094,4.336919,4.3857546,4.4810095,4.55721,4.81823,4.717412
40,5,4.452212,4.4159164,4.376028,4.3901024,4.3498907,4.244392,4.3556476,4.383842,4.428132,4.516497,4.5887218,4.8495617,4.744004
40,6,4.445055,4.4067693,4.363967,4.3746195,4.3271255,4.2052617,4.3087635,4.335512,4.3834047,4.481346,4.5615234,4.8524537,4.756814
40,7,4.447567,4.415022,4.37789,4.3939548,4.3560805,4.2509165,4.351739,4.3620095,4.3795404,4.4623556,4.546681,4.862667,4.7718606
40,8,4.4602876,4.428804,4.391702,4.4071784,4.3673387,4.2590694,4.364161,4.3693924,4.377838,4.4652224,4.5382967,4.8640904,4.783534
40,9,4.4204545,4.3906193,4.3542542,4.3698587,4.329255,4.2177644,4.3249907,4.3377333,4.357044,4.445183,4.511982,4.8257437,4.7498517
40,10,4.3905787,4.363553,4.328141,4.343518,4.3007045,4.1840997,4.3018403,4.325105,4.3538537,4.443299,4.5028443,4.8095665,4.7377434
41,1,4.418315,4.386199,4.3435144,4.350337,4.2889667,4.125433,4.22084,4.27522,4.37352,4.493504,4.6000323,4.873331,4.789884
41,2,4.4557886,4.4328814,4.396237,4.406889,4.3491263,4.1876755,4.2875214,4.334555,4.4219265,4.5502124,4.6565633,4.934718,4.8498993
41,3,4.4517856,4.4275494,4.391689,4.4043727,4.3521833,4.200568,4.2912884,4.3396354,4.427055,4.5366144,4.6565223,4.937369,4.8590508
41,4,4.459639,4.4327917,4.396345,4.40974,4.3609266,4.218144,4.3012137,4.3373313,4.414304,4.526478,4.645315,4.9464183,4.869337
41,5,4.4920683,4.4720316,4.440752,4.458214,4.415663,4.289398,4.4,4.437253,4.5014424,4.6128564,4.7074466,4.994532,4.910585
41,6,4.4727945,4.447199,4.4130177,4.429388,4.3877945,4.268905,4.382286,4.425227,4.5004973,4.612867,4.70229,4.980665,4.89489
41,7,4.4260244,4.4055233,4.3775883,4.400419,4.3700705,4.254636,4.3157926,4.3651166,4.492756,4.6076922,4.6853623,4.9488955,4.8928185
41,8,4.3526177,4.331196,4.302043,4.323564,4.290857,4.174395,4.25247,4.314875,4.4500127,4.5653152,4.668213,4.935923,4.8797817
41,9,4.3148866,4.2894063,4.2575984,4.2774215,4.2429852,4.1238213,4.1905756,4.245154,4.380103,4.5040207,4.6071525,4.863695,4.7979703
41,10,4.219021,4.200072,4.1726604,4.1954813,4.1647754,4.0557156,4.146365,4.20375,4.333638,4.464225,4.5452857,4.8146634,4.7450223
42,1,4.386978,4.3466597,4.301918,4.3106747,4.259397,4.125387,4.2167244,4.260745,4.3517823,4.46549,4.554328,4.8349905,4.75952
42,2,4.3410273,4.2995253,4.254177,4.2627215,4.211711,4.079547,4.171032,4.2152076,4.311766,4.433711,4.523156,4.8121147,4.735229
42,3,4.3642983,4.3338766,4.3011265,4.3227034,4.2963333,4.206146,4.281883,4.3024693,4.385717,4.5133605,4.6050873,4.8528223,4.7435412
42,4,4.3587,4.321237,4.282719,4.299557,4.2660913,4.1662164,4.242713,4.26871,4.356417,4.4807997,4.5710196,4.829773,4.726663
42,5,4.356672,4.308438,4.2622566,4.2736173,4.233253,4.1222296,4.1805286,4.2057457,4.3065114,4.437889,4.5384746,4.8099346,4.708296
42,6,4.457035,4.404483,4.3534837,4.3598156,4.309506,4.17544,4.212753,4.2236757,4.305852,4.43058,4.5295277,4.796178,4.691703
42,7,4.457947,4.4059844,4.3550644,4.3612084,4.310354,4.178397,4.2285724,4.239624,4.308899,4.4262137,4.5235534,4.7884965,4.6869483
42,8,4.5538797,4.493748,4.438379,4.442469,4.3911715,4.256531,4.2693944,4.257684,4.318781,4.439626,4.532091,4.79049,4.6924767
42,9,4.634772,4.573277,4.5164356,4.518989,4.4645514,4.321073,4.320135,4.296112,4.335717,4.4414296,4.5308914,4.790423,4.6940613
42,10,4.608621,4.541891,4.4811783,4.4807863,4.4220543,4.267963,4.2454267,4.2138577,4.260491,4.3786073,4.479188,4.7407184,4.6411023
43,1,4.4521837,4.414472,4.3727756,4.3848715,4.3407645,4.2285333,4.348287,4.396172,4.4725547,4.5740333,4.6519637,4.914268,4.823062
43,2,4.414486,4.3734,4.3285675,4.337764,4.2885513,4.165912,4.280587,4.3322926,4.4143386,4.513986,4.6006947,4.8754935,4.7967515
43,3,4.412266,4.3721466,4.330935,4.345366,4.3087115,4.2168984,4.3463874,4.4022117,4.479414,4.559889,4.6283903,4.883574,4.7959075
43,4,4.4088426,4.380489,4.3476872,4.368045,4.338187,4.2493677,4.37231,4.425714,4.5094905,4.5986214,4.656169,4.8867264,4.798718
43,5,4.3493686,4.3489156,4.337645,4.3748717,4.369467,4.324016,4.4969234,4.555181,4.6006303,4.6528244,4.6902537,4.87037,4.7760468
43,6,4.295037,4.2886715,4.2731366,4.3071294,4.2967057,4.2337723,4.3631735,4.416022,4.5063314,4.60225,4.626545,4.8430424,4.7651887
43,7,4.252417,4.245641,4.232307,4.270092,4.2693496,4.2292852,4.360687,4.4041495,4.480489,4.5726647,4.6148124,4.8338785,4.7476535
43,8,4.261181,4.266129,4.2595325,4.3007164,4.301164,4.259195,4.4126883,4.462263,4.520236,4.593135,4.6287537,4.8359528,4.7514477
43,9,4.278074,4.288781,4.2877436,4.3339067,4.3417535,4.2971234,4.415719,4.4824796,4.5700903,4.6034584,4.649699,4.8223863,4.7637343
43,10,4.269931,4.28196,4.2811446,4.3267455,4.3319664,4.275518,4.3739877,4.4311476,4.528478,4.5876775,4.641152,4.815129,4.7601295
44,1,4.438659,4.3964415,4.3510923,4.360119,4.3109083,4.185283,4.282686,4.3207917,4.3946557,4.5009365,4.603795,4.890744,4.806746
44,2,4.3962584,4.352424,4.3071737,4.3173423,4.271768,4.152749,4.2375507,4.2686625,4.354714,4.482956,4.589599,4.869479,4.77746
44,3,4.3511357,4.3095,4.264475,4.273614,4.2241354,4.0953183,4.1871796,4.227771,4.3139696,4.4311714,4.551047,4.8352394,4.7423506
44,4,4.2805853,4.2414236,4.198328,4.208997,4.1617703,4.0369415,4.131547,4.171043,4.256662,4.376371,4.4847274,4.7687044,4.675584
44,5,4.472897,4.4270697,4.379706,4.3877997,4.3385854,4.2153883,4.3116307,4.355226,4.4481444,4.568647,4.675555,4.959321,4.870978
44,6,4.393639,4.3459516,4.2966633,4.3028884,4.2503853,4.1227856,4.225213,4.279108,4.398822,4.5470977,4.66559,4.974305,4.8884463
44,7,4.454396,4.4040737,4.3530498,4.3581004,4.30405,4.170685,4.256457,4.304922,4.426924,4.577832,4.7091007,5.0279303,4.9400444
44,8,4.4338226,4.3935337,4.3525696,4.3674097,4.3314214,4.235479,4.3422346,4.3877106,4.49438,4.6363163,4.764393,5.059964,4.9569793
44,9,4.399915,4.3652577,4.328599,4.346767,4.315457,4.2268767,4.3391604,4.3797665,4.4728613,4.6101613,4.7423034,5.045009,4.943046
44,10,4.420047,4.3862166,4.3519754,4.373412,4.3493094,4.2722445,4.3795953,4.431846,4.5310054,4.634199,4.773834,5.060881,4.9564676
45,1,4.41005,4.36812,4.325088,4.337771,4.2980266,4.2013826,4.3286777,4.3759646,4.444536,4.534483,4.605831,4.8749943,4.798807
45,2,4.422082,4.380357,4.3365545,4.3478727,4.3046007,4.1995163,4.324359,4.3723946,4.449466,4.552437,4.619109,4.8825927,4.802204
45,3,4.4136014,4.357286,4.2983627,4.294846,4.224757,4.0756445,4.216074,4.2927127,4.391193,4.4868226,4.5398784,4.836107,4.7812376
45,4,4.3463974,4.290731,4.232026,4.2284017,4.1574163,4.0030594,4.1306205,4.1969643,4.290697,4.39384,4.4442806,4.7342405,4.6771274
45,5,4.368338,4.314309,4.2575884,4.2561083,4.1894183,4.0441923,4.1769896,4.246707,4.3442335,4.4469695,4.501481,4.7891994,4.732382
45,6,4.3862147,4.332918,4.2766013,4.275268,4.2083125,4.05995,4.1866426,4.255986,4.359051,4.4676595,4.5323534,4.829344,4.773915
45,7,4.4206896,4.370992,4.317137,4.317452,4.252227,4.104758,4.228896,4.2880034,4.378198,4.4919696,4.564115,4.8708553,4.816092
45,8,4.450771,4.39684,4.338679,4.334719,4.2612967,4.093925,4.1990376,4.25819,4.3659673,4.4954815,4.5707016,4.8771167,4.8236213
45,9,4.4724665,4.4188275,4.361045,4.3574677,4.2846146,4.1159434,4.212617,4.269295,4.3837037,4.522573,4.604473,4.916224,4.8649597
45,10,4.400103,4.344848,4.2855988,4.280674,4.2054043,4.0308895,4.1248655,4.190649,4.3145165,4.443118,4.527371,4.8440213,4.7853203
46,1,4.428022,4.375229,4.3222523,4.325752,4.269475,4.133138,4.215941,4.258193,4.355365,4.4738345,4.567436,4.8583436,4.784985
46,2,4.3860283,4.3531837,4.3112054,4.319688,4.2631927,4.115086,4.2221193,4.2734303,4.362889,4.4817433,4.5761867,4.8531528,4.7831583
46,3,4.344282,4.313825,4.2767563,4.291343,4.2472754,4.1113915,4.179564,4.238346,4.362465,4.4620104,4.540515,4.821267,4.783889
46,4,4.363389,4.340322,4.3099375,4.330429,4.295705,4.169182,4.219531,4.2745457,4.4130573,4.5187507,4.5735245,4.840236,4.8094163
46,5,4.429731,4.4094625,4.378096,4.395267,4.3506913,4.2017207,4.2603064,4.3213696,4.4559097,4.560967,4.62636,4.8995137,4.8744216
46,6,4.396728,4.3769226,4.347748,4.3680882,4.330848,4.195633,4.2467275,4.30239,4.4290032,4.5201235,4.588848,4.8777285,4.8465996
46,7,4.386845,4.3699064,4.3435616,4.366695,4.3349237,4.2151327,4.288606,4.3516474,4.481097,4.5781546,4.6570425,4.9226017,4.8803515
46,8,4.360036,4.3470807,4.3263044,4.3556824,4.3361187,4.232657,4.277524,4.321787,4.453533,4.567048,4.6655364,4.910295,4.8548665
46,9,4.4186096,4.4082108,4.3884215,4.417835,4.397108,4.293983,4.3559527,4.4053044,4.5356617,4.6524844,4.737734,4.9974265,4.935385
46,10,4.371511,4.373796,4.3637753,4.400747,4.3904586,4.3004594,4.366292,4.413812,4.5315347,4.629569,4.6953197,4.984325,4.946122
47,1,4.4534426,4.4193754,4.377669,4.3873634,4.3346615,4.1961975,4.299748,4.3388376,4.4127345,4.531558,4.6328893,4.925145,4.842649
47,2,4.3818974,4.342006,4.29696,4.3050094,4.251969,4.1168966,4.218215,4.26155,4.348456,4.471692,4.5707493,4.861105,4.779678
47,3,4.221068,4.1854506,4.1435432,4.1539116,4.1039143,3.9733047,4.082369,4.132098,4.2238584,4.345743,4.4488544,4.735971,4.6566997
47,4,4.2073355,4.1737947,4.1353045,4.1498766,4.109176,4.0011663,4.1200666,4.1620984,4.2376904,4.3535995,4.443289,4.7230883,4.635459
47,5,4.234085,4.200905,4.159164,4.1681733,4.1128793,3.963754,4.054765,4.098987,4.1970716,4.332568,4.4363637,4.737921,4.6667895
47,6,4.268465,4.228028,4.1837244,4.1931953,4.1434712,4.00946,4.091818,4.1402736,4.2432003,4.3543835,4.453091,4.744646,4.6853275
47,7,4.3070164,4.2593226,4.2101293,4.216331,4.1629543,4.023106,4.0950885,4.1475673,4.2565126,4.357843,4.477523,4.755455,4.6892247
47,8,4.384049,4.339674,4.2937155,4.303045,4.2555428,4.1300707,4.219292,4.279228,4.3851824,4.473996,4.5857773,4.8485975,4.775857
47,9,4.407761,4.371829,4.331825,4.3453436,4.302886,4.183983,4.2826467,4.3445587,4.4500966,4.5411906,4.643051,4.9232616,4.85748
47,10,4.3733625,4.3428636,4.304372,4.316819,4.2680306,4.128293,4.217195,4.2736955,4.3925257,4.524118,4.6500707,4.938041,4.8631773
48,1,4.4195237,4.3735948,4.3244095,4.3296127,4.273134,4.1312027,4.217651,4.2609806,4.353516,4.469379,4.5630374,4.854419,4.7855597
48,2,4.4466233,4.4013667,4.353993,4.3616405,4.310644,4.1790586,4.263941,4.3089266,4.4013233,4.5062227,4.609261,4.8953056,4.831582
48,3,4.385482,4.343459,4.2983117,4.307498,4.2583585,4.130249,4.2226467,4.271425,4.3693285,4.479931,4.57384,4.8766074,4.814793
48,4,4.3791113,4.3356323,4.291247,4.302528,4.25927,4.1426816,4.230248,4.286371,4.395695,4.49327,4.592811,4.8870735,4.8305607
48,5,4.432209,4.3951454,4.355276,4.3697133,4.3301573,4.217472,4.3093557,4.364677,4.4701705,4.567185,4.6613326,4.951454,4.900494
48,6,4.3841248,4.344886,4.3048267,4.3203754,4.2851324,4.1859865,4.2866297,4.344514,4.446786,4.5361013,4.6396756,4.9311976,4.8737936
48,7,4.3224196,4.289611,4.2533607,4.270829,4.235768,4.1268516,4.2186446,4.29125,4.4187894,4.5043306,4.6120486,4.9247503,4.889313
48,8,4.269254,4.2184663,4.1668973,4.1711645,4.1145296,3.9637835,4.0247793,4.102295,4.25874,4.364334,4.5117254,4.846076,4.819853
48,9,4.252586,4.204332,4.1553593,4.1622553,4.1108866,3.9751854,4.0555096,4.1372514,4.2889743,4.3904634,4.528123,4.871637,4.834518
48,10,4.245548,4.2038584,4.159242,4.1689577,4.1204276,3.9873898,4.077111,4.164406,4.319146,4.4212317,4.55822,4.8922253,4.860718
49,1,4.4096966,4.3675013,4.3214636,4.329351,4.277204,4.143553,4.236762,4.277908,4.3584533,4.4651685,4.560775,4.8444595,4.7755194
49,2,4.4305434,4.3963904,4.3558164,4.3673267,4.318913,4.187062,4.2811995,4.318593,4.3859644,4.4808936,4.5651064,4.83697,4.7522907
49,3,4.435954,4.4040995,4.3651605,4.377858,4.3310437,4.202912,4.3054647,4.346658,4.410279,4.495227,4.565968,4.8244114,4.7348456
49,4,4.435585,4.3961353,4.352048,4.361176,4.3096633,4.1669955,4.2298255,4.2588096,4.3426075,4.4567623,4.555654,4.8142676,4.71928
49,5,4.3976507,4.3560147,4.3074822,4.310847,4.2463293,4.073654,4.124216,4.150807,4.2384024,4.366774,4.4768167,4.766191,4.677277
49,6,4.425272,4.3811874,4.3321676,4.3362374,4.2746825,4.1061163,4.139271,4.1583333,4.249891,4.3822784,4.4935083,4.767116,4.6751204
49,7,4.392345,4.343686,4.293875,4.2995524,4.244737,4.0927362,4.119082,4.1378503,4.2388287,4.3710966,4.4875946,4.7409363,4.6533127
49,8,4.42332,4.3717813,4.322469,4.330762,4.2841997,4.15227,4.1714478,4.1741586,4.2596016,4.3920665,4.5118513,4.7579694,4.6723104
49,9,4.4294615,4.379355,4.3325424,4.3439856,4.3045645,4.19125,4.225847,4.234652,4.316086,4.4311686,4.525586,4.7392454,4.644249
49,10,4.441481,4.387644,4.334918,4.3391395,4.283656,4.128984,4.128177,4.1249022,4.214626,4.3564963,4.468759,4.7121515,4.623012
50,1,4.490508,4.442244,4.3901086,4.3920746,4.329097,4.1741724,4.2591343,4.305753,4.406292,4.531758,4.6330595,4.917583,4.843151
50,2,4.4855795,4.438691,4.389233,4.39462,4.339261,4.201194,4.291168,4.3392477,4.437787,4.5524273,4.644346,4.9198985,4.84435
50,3,4.481323,4.441894,4.3979206,4.4074273,4.357848,4.232248,4.3412824,4.385678,4.4672894,4.5818243,4.6686897,4.934147,4.845014
50,4,4.517757,4.4862084,4.4489017,4.4639163,4.4221673,4.29946,4.388752,4.4364533,4.5221868,4.6111064,4.7153697,4.988641,4.9193683
50,5,4.5444303,4.523641,4.495298,4.5179405,4.488688,4.393322,4.511632,4.557194,4.6236634,4.7079763,4.794452,5.0506563,4.966485
50,6,4.53765,4.5199275,4.493522,4.517306,4.4888563,4.392436,4.5121264,4.561284,4.6354895,4.726984,4.825373,5.077,4.993421
50,7,4.4986086,4.4784136,4.451191,4.4751925,4.448673,4.356053,4.4721174,4.5288877,4.6046915,4.670794,4.7751365,5.004922,4.9270897
50,8,4.549574,4.5388837,4.5180945,4.546401,4.524616,4.4381456,4.561308,4.6083417,4.677559,4.7643933,4.8428473,5.083149,5.0014653
50,9,4.51782,4.5298934,4.519054,4.548845,4.5162525,4.390181,4.5331764,4.597291,4.6735086,4.772571,4.8573775,5.092515,5.0163093
50,10,4.4246607,4.4427934,4.43893,4.476059,4.4577994,4.3608594,4.5079193,4.5592437,4.6322446,4.753802,4.8379636,5.056501,4.9647393
51,1,4.4432154,4.4008207,4.356167,4.366329,4.319587,4.1939516,4.2761626,4.3277016,4.437662,4.542898,4.607809,4.883926,4.8317127
51,2,4.405182,4.3614197,4.3164377,4.3269653,4.2820983,4.162929,4.245986,4.2905087,4.3930326,4.503374,4.5686793,4.841738,4.7789454
51,3,4.3790207,4.334271,4.2897058,4.3015466,4.2606406,4.1521955,4.23712,4.2781982,4.3812194,4.499316,4.5655303,4.865741,4.809749
51,4,4.4874783,4.4447293,4.400275,4.411067,4.366514,4.2511964,4.3481693,4.3962626,4.4998174,4.61809,4.6872034,4.9929714,4.941178
51,5,4.5058813,4.4707685,4.433361,4.4505997,4.4171586,4.3224635,4.426753,4.467608,4.5529323,4.6602564,4.7252555,5.0505323,5.0008316
51,6,4.4193697,4.3818736,4.342312,4.357572,4.320564,4.2169156,4.31142,4.355064,4.4591904,4.5837693,4.658654,4.9784555,4.929242
51,7,4.330301,4.289378,4.245493,4.256064,4.209902,4.0909224,4.186608,4.225954,4.337897,4.495327,4.556859,4.888345,4.839159
51,8,4.3192973,4.2790995,4.2361484,4.2477374,4.2035556,4.087686,4.1841245,4.22751,4.338421,4.482496,4.548716,4.868414,4.820951
51,9,4.307873,4.266794,4.2248163,4.238546,4.200345,4.1002626,4.2019634,4.239841,4.335527,4.468453,4.5395365,4.842945,4.788601
51,10,4.278237,4.2361455,4.192756,4.2047963,4.1627145,4.050111,4.136261,4.174862,4.283469,4.4243855,4.506279,4.815553,4.757558
52,1,4.4488764,4.3980594,4.3444953,4.3458486,4.283245,4.134215,4.2269816,4.269189,4.355917,4.477325,4.58147,4.8745823,4.796433
52,2,4.4470034,4.4023557,4.3542905,4.3605623,4.3063316,4.1739655,4.279474,4.3238606,4.4066477,4.5224376,4.61712,4.897303,4.8134003
52,3,4.1152034,4.0866075,4.0523973,4.070902,4.0378294,3.9570885,4.1395254,4.227977,4.358805,4.5048556,4.604537,4.8905296,4.8180943
52,4,4.1252084,4.0940056,4.0579023,4.0750113,4.040067,3.9558144,4.133934,4.2233133,4.355976,4.4996805,4.609509,4.8925548,4.824707
52,5,4.177939,4.17257,4.1590905,4.1961308,4.1945143,4.174993,4.398512,4.4828424,4.5665927,4.6642866,4.7334843,4.9754615,4.8830724
52,6,4.1919947,4.1834364,4.166938,4.2012124,4.194944,4.16889,4.3880777,4.4648027,4.5580883,4.6871314,4.722339,4.97885,4.8751674
52,7,4.2282963,4.2378,4.2361884,4.2829995,4.296982,4.3143287,4.577925,4.650544,4.7142324,4.8351736,4.822096,5.05892,4.937001
52,8,4.276338,4.285073,4.283014,4.329491,4.342651,4.3525343,4.5948625,4.66238,4.729139,4.8479104,4.845002,5.0590343,4.933845
52,9,4.274146,4.28875,4.290425,4.3391347,4.3539743,4.3624535,4.6054716,4.674624,4.7428913,4.861924,4.8579116,5.073227,4.9398694
52,10,4.2544794,4.2642617,4.261223,4.3053813,4.311711,4.2999454,4.5251245,4.59996,4.6940756,4.8282366,4.8255997,5.0523376,4.924429
53,1,4.377425,4.334103,4.2876825,4.295764,4.245248,4.121486,4.2325654,4.2779512,4.3602815,4.475122,4.568209,4.8499603,4.7679024
53,2,4.399279,4.361553,4.3191905,4.330265,4.283813,4.1684155,4.292777,4.3358417,4.4047294,4.5153627,4.599068,4.868062,4.784338
53,3,4.4216576,4.382987,4.340398,4.351656,4.306004,4.18986,4.303879,4.3466187,4.42086,4.529103,4.616346,4.8821273,4.8097343
53,4,4.43164,4.390266,4.34654,4.357728,4.3137736,4.2051883,4.3235583,4.3678074,4.4485765,4.5642815,4.6459146,4.9045286,4.8247247
53,5,4.4291677,4.3950577,4.358232,4.3758693,4.343296,4.2564754,4.385444,4.4285216,4.5007977,4.607632,4.6815076,4.9172664,4.849129
53,6,4.1947436,4.165342,4.1335554,4.15641,4.134421,4.077088,4.2495093,4.3198104,4.4245424,4.5527673,4.6500926,4.915376,4.865998
53,7,4.183514,4.156649,4.128859,4.156498,4.1446977,4.108596,4.287218,4.358187,4.4535027,4.562765,4.6736984,4.9231815,4.882649
53,8,4.1938853,4.1626983,4.1305437,4.154021,4.13508,4.090609,4.2756543,4.3365345,4.4207897,4.5525265,4.66813,4.9268875,4.8719935
53,9,4.2435765,4.2049494,4.1653175,4.181542,4.149367,4.079241,4.2516575,4.3125896,4.4159346,4.5743327,4.67622,4.924018,4.869318
53,10,4.2576385,4.216192,4.172593,4.184178,4.1419606,4.046297,4.199021,4.2585716,4.3680725,4.5300593,4.6432295,4.921259,4.8746495
54,1,4.406757,4.3670826,4.3224006,4.3308372,4.278342,4.1409106,4.229277,4.2652807,4.3434396,4.4577785,4.5584784,4.851232,4.7652225
54,2,4.46456,4.436186,4.401803,4.4196515,4.3836594,4.281607,4.399803,4.4360886,4.493302,4.590218,4.673318,4.939456,4.8382587
54,3,4.4302573,4.4080615,4.376531,4.3950577,4.3569684,4.248022,4.374766,4.407719,4.457819,4.568361,4.6586266,4.9470544,4.845509
54,4,4.3942957,4.3755856,4.3478346,4.3702207,4.3395505,4.2463365,4.3746448,4.3899446,4.420888,4.545081,4.644267,4.9568167,4.855929
54,5,4.331393,4.3504233,4.341128,4.369145,4.3285313,4.189538,4.3508077,4.37385,4.3843474,4.5217333,4.6211534,4.928905,4.828128
54,6,4.4303594,4.445808,4.4352593,4.4635253,4.425733,4.294618,4.4541397,4.483855,4.50092,4.6232786,4.7198763,5.0218177,4.922398
54,7,4.408213,4.4145846,4.3965464,4.4185247,4.3706865,4.219269,4.3571606,4.3844156,4.4162908,4.55395,4.6606517,4.97833,4.885589
54,8,4.4435544,4.4603786,4.4514923,4.4815288,4.4471426,4.3216586,4.4787927,4.5068502,4.520848,4.635908,4.724512,5.002126,4.900756
54,9,4.398296,4.408085,4.3941193,4.420437,4.3811035,4.246127,4.3893995,4.42225,4.454062,4.573037,4.669009,4.948403,4.849868
54,10,4.402078,4.4118514,4.397165,4.4223533,4.3802853,4.2396703,4.3800735,4.4072013,4.438364,4.5703874,4.6536384,4.9594975,4.85899
55,1,4.4039483,4.364482,4.3212194,4.3318977,4.2852864,4.1670613,4.276764,4.3139534,4.374946,4.4707184,4.5483446,4.8265433,4.7491193
55,2,4.5016026,4.463194,4.422306,4.436128,4.396667,4.294677,4.408806,4.4443607,4.500713,4.59036,4.664824,4.934494,4.8535643
55,3,4.5133214,4.4772067,4.4395614,4.4571056,4.4253297,4.3385344,4.451209,4.47889,4.5251174,4.610738,4.6843553,4.958526,4.8780866
55,4,4.4728155,4.433511,4.39239,4.406402,4.3679633,4.268645,4.379529,4.409838,4.4658027,4.565219,4.6468377,4.9256983,4.844441
55,5,4.4457774,4.4015927,4.3553553,4.364248,4.3161488,4.1967206,4.298589,4.333699,4.4067807,4.520806,4.6105733,4.8761845,4.789168
55,6,4.4959745,4.455075,4.411328,4.422189,4.377169,4.266343,4.3842163,4.4243035,4.4959273,4.6062655,4.6708336,4.9204745,4.8363523
55,7,4.444457,4.402002,4.3563547,4.3651514,4.315967,4.196094,4.3089385,4.3468943,4.417887,4.5314727,4.5977535,4.8438253,4.753759
55,8,4.3515854,4.3067555,4.258812,4.265403,4.2121105,4.082389,4.186487,4.226499,4.314688,4.4468107,4.524905,4.7605515,4.681442
55,9,4.3913097,4.336471,4.2796254,4.278248,4.211287,4.0528984,4.1332445,4.1791286,4.2955036,4.442797,4.5251565,4.7947984,4.7035756
55,10,4.4296293,4.371458,4.3115406,4.307365,4.235645,4.0690913,4.145852,4.187359,4.297735,4.446023,4.5262103,4.78774,4.706127
56,1,4.4183846,4.377132,4.3316255,4.339824,4.2881174,4.15823,4.263004,4.3071823,4.389398,4.5024824,4.591455,4.884635,4.796791
56,2,4.355629,4.3186374,4.2758512,4.2857685,4.235924,4.1114826,4.231562,4.273771,4.3490252,4.472567,4.557708,4.8444695,4.7597203
56,3,4.374818,4.3262196,4.2743516,4.277029,4.216363,4.0711412,4.166547,4.20593,4.295825,4.4318132,4.5300636,4.829535,4.750301
56,4,4.406087,4.35061,4.293418,4.291881,4.224892,4.0663652,4.1400676,4.1709476,4.2671084,4.4180136,4.5266514,4.8533926,4.7606354
56,5,4.402288,4.3510823,4.2987247,4.302184,4.2446566,4.1026096,4.172082,4.195866,4.2855954,4.432119,4.5353785,4.8569374,4.758206
56,6,4.4290338,4.3772902,4.324623,4.327899,4.2701316,4.1262794,4.187938,4.204629,4.2843523,4.424863,4.527098,4.846019,4.748354
56,7,4.429224,4.3817406,4.331215,4.335172,4.27616,4.123889,4.178704,4.1935406,4.2764096,4.425133,4.53699,4.872218,4.778691
56,8,4.4300456,4.3837414,4.3349595,4.341012,4.286671,4.1473126,4.21362,4.2272835,4.2981143,4.4360013,4.534392,4.863283,4.7728724
56,9,4.4705286,4.435799,4.3955574,4.408038,4.362716,4.242335,4.340592,4.357111,4.4006205,4.5134106,4.591706,4.9048142,4.811303
56,10,4.465507,4.4279284,4.385386,4.395937,4.3473973,4.218352,4.3022585,4.3143263,4.358805,4.472766,4.5588326,4.860441,4.7650847
57,1,4.3409123,4.2971325,4.249583,4.256079,4.2016077,4.065037,4.159584,4.200742,4.2857614,4.4023275,4.4916,4.7749896,4.693513
57,2,4.3736324,4.3281693,4.28062,4.2881765,4.237348,4.109576,4.1993327,4.232036,4.305718,4.416959,4.5105023,4.8015885,4.7154217
57,3,4.387456,4.3403378,4.291211,4.297281,4.243781,4.1104164,4.1963015,4.229354,4.303709,4.4119463,4.499344,4.786729,4.7041836
57,4,4.3519263,4.302614,4.2518797,4.256762,4.2016916,4.0658307,4.1485796,4.1823134,4.2661395,4.3868713,4.483722,4.7663703,4.6767945
57,5,4.395584,4.3454676,4.2925076,4.294336,4.232219,4.0807595,4.1586637,4.1868014,4.2626343,4.387781,4.4877086,4.776067,4.6840787
57,6,4.384575,4.3379083,4.2887545,4.2943225,4.2384586,4.088854,4.1271844,4.1250076,4.1948514,4.350413,4.4811125,4.789631,4.672589
57,7,4.335995,4.294696,4.250523,4.260476,4.2111382,4.061482,4.064311,4.0492563,4.1313124,4.302912,4.451131,4.748455,4.618979
57,8,4.332355,4.280636,4.2275043,4.2295413,4.1663823,3.9811573,3.9327817,3.9046664,4.0048814,4.200391,4.377124,4.7051897,4.5892844
57,9,4.401813,4.34068,4.2797294,4.2751236,4.2010646,3.9913993,3.915579,3.8923905,4.0173893,4.216134,4.383688,4.698416,4.5930943
57,10,4.4222217,4.3625154,4.3034177,4.3009787,4.231883,4.0390186,3.9883785,3.9705594,4.080185,4.2585254,4.4086165,4.717442,4.608275
58,1,4.471653,4.425097,4.376218,4.382309,4.3284116,4.192582,4.2760315,4.3136954,4.4039907,4.524784,4.61406,4.8949947,4.813439
58,2,4.4638634,4.414671,4.3643055,4.369655,4.3154306,4.1784506,4.2522883,4.28749,4.380029,4.500696,4.5968037,4.889757,4.805919
58,3,4.401293,4.366663,4.3252106,4.3355894,4.284549,4.145388,4.236234,4.282514,4.372868,4.483062,4.582009,4.869913,4.7948046
58,4,4.3753767,4.3505816,4.3185873,4.337713,4.301277,4.1791615,4.2454405,4.2817497,4.371165,4.4668846,4.541209,4.8491335,4.797619
58,5,4.38418,4.351872,4.3157597,4.333064,4.2969174,4.1805797,4.240083,4.2729783,4.370577,4.478916,4.5627575,4.902442,4.846994
58,6,4.375909,4.3451467,4.3093677,4.3262277,4.2880077,4.166021,4.224226,4.2523236,4.344107,4.4572773,4.537808,4.8815174,4.8276124
58,7,4.29284,4.2663527,4.2326603,4.250151,4.2107835,4.083586,4.145745,4.172343,4.261278,4.384165,4.4813585,4.8071175,4.758479
58,8,4.249237,4.229901,4.2035065,4.2281933,4.202319,4.104238,4.1864443,4.2111454,4.27283,4.3665257,4.466299,4.778832,4.7145796
58,9,4.351204,4.332292,4.3073773,4.3342257,4.313714,4.2311187,4.3225574,4.3394475,4.3890467,4.4863315,4.5698338,4.871186,4.7940264
58,10,4.361684,4.3457656,4.324151,4.354396,4.3404436,4.2716384,4.370328,4.3862734,4.424566,4.506828,4.583763,4.8511496,4.7737885
59,1,4.426813,4.380913,4.332085,4.337846,4.282743,4.1440706,4.2286243,4.2649245,4.352401,4.47623,4.5734243,4.854749,4.771918
59,2,4.413355,4.3631063,4.3103743,4.312617,4.2514434,4.1001067,4.1722484,4.2055025,4.3041496,4.4465895,4.548446,4.8481054,4.7680035
59,3,4.472187,4.417616,4.360576,4.3586345,4.289726,4.1219115,4.183453,4.217442,4.327238,4.4818153,4.590898,4.8891435,4.8174667
59,4,4.4912863,4.435291,4.3772235,4.3744626,4.304093,4.129656,4.184746,4.235375,4.362588,4.4972878,4.631086,4.922801,4.857412
59,5,4.4955716,4.4406376,4.3847356,4.384771,4.3206515,4.159885,4.2192106,4.272755,4.3992596,4.5224833,4.652236,4.947551,4.882562
59,6,4.504828,4.458517,4.4089403,4.4137306,4.3563185,4.210565,4.2911897,4.339231,4.451377,4.5829864,4.6848836,4.9807034,4.9026904
59,7,4.5159,4.474184,4.4293265,4.438769,4.3899813,4.2613063,4.348317,4.3992734,4.5207286,4.656287,4.7292566,5.0090957,4.934776
59,8,4.555296,4.514678,4.471882,4.4839897,4.4413934,4.329854,4.4337974,4.490414,4.6083713,4.7329774,4.794115,5.036289,4.9556246
59,9,4.510457,4.483761,4.449507,4.4664273,4.426738,4.31092,4.423475,4.4844418,4.5933867,4.7077713,4.788611,5.043225,4.9587235
59,10,4.554613,4.532237,4.501515,4.521263,4.485388,4.3699746,4.466554,4.523437,4.6379647,4.752617,4.822737,5.081506,4.977407
60,1,4.4144425,4.3722258,4.3266773,4.3353868,4.2853966,4.158019,4.256246,4.2999644,4.382646,4.487922,4.575521,4.8654356,4.781349
60,2,4.3182034,4.2812405,4.23912,4.2500095,4.202191,4.0778522,4.1841674,4.224972,4.304474,4.4226604,4.5142293,4.793649,4.7038693
60,3,4.321492,4.285859,4.2442746,4.2551637,4.2064095,4.077938,4.178341,4.212871,4.290847,4.419102,4.509236,4.787144,4.687517
60,4,4.3543687,4.318917,4.2773223,4.288099,4.2390404,4.110875,4.2143383,4.247301,4.3146725,4.4315815,4.5107613,4.796617,4.7031937
60,5,4.3990746,4.356122,4.3096085,4.317218,4.264861,4.1311293,4.2143197,4.2350807,4.295114,4.4106603,4.491067,4.781892,4.6897097
60,6,4.377733,4.337817,4.293119,4.301719,4.249931,4.1161237,4.2044826,4.2282047,4.2875934,4.3995323,4.4718776,4.7565107,4.6596932
60,7,4.4082985,4.3768682,4.339569,4.3545933,4.3131046,4.1947803,4.285367,4.3117676,4.3706594,4.4676766,4.5205946,4.783117,4.692209
60,8,4.4325953,4.401267,4.362897,4.3761225,4.3300223,4.1998844,4.2842865,4.3083467,4.360817,4.45029,4.4925404,4.755998,4.670493
60,9,4.4267497,4.4052014,4.3724694,4.3885045,4.3430862,4.207498,4.300567,4.3307276,4.3771963,4.453943,4.4960423,4.7475796,4.6648564
60,10,4.3612933,4.3425508,4.313287,4.3330126,4.2945337,4.167847,4.2487526,4.280143,4.3434677,4.425833,4.466599,4.702083,4.6228647
61,1,4.4703813,4.428591,4.382778,4.3907847,4.3387375,4.2058625,4.292441,4.3070426,4.3411007,4.4353204,4.526836,4.851639,4.768753
61,2,4.4725633,4.4295406,4.38281,4.390132,4.3371787,4.203092,4.2850223,4.2899737,4.319007,4.42793,4.527795,4.85896,4.7820916
61,3,4.4335413,4.3866477,4.335719,4.338697,4.277091,4.1211615,4.183701,4.192141,4.2411213,4.361218,4.469285,4.8145204,4.743058
61,4,4.4650435,4.4222193,4.376104,4.384241,4.3329644,4.1998262,4.2707367,4.271416,4.3022804,4.40984,4.4910035,4.819188,4.7344465
61,5,4.4810996,4.4386725,4.393212,4.4021297,4.3524594,4.221802,4.2913218,4.2945333,4.3264513,4.423818,4.4918127,4.808068,4.727835
61,6,4.4695554,4.422449,4.374022,4.38118,4.33022,4.2008166,4.268901,4.26896,4.297173,4.39378,4.4592943,4.7731743,4.690269
61,7,4.4743505,4.4244285,4.373075,4.377337,4.321034,4.181637,4.2479744,4.249958,4.2761593,4.3655753,4.4260917,4.7371745,4.6496606
61,8,4.4799047,4.43508,4.38729,4.393935,4.339858,4.1968102,4.251495,4.2588763,4.301033,4.388741,4.438605,4.753566,4.6764445
61,9,4.4456606,4.403611,4.3561325,4.3615494,4.302824,4.1493025,4.212328,4.2244363,4.2753477,4.381861,4.4404044,4.7474837,4.668606
61,10,4.397385,4.358051,4.3104253,4.3138223,4.248082,4.0731363,4.1228485,4.130011,4.1813617,4.2984924,4.367318,4.6638346,4.579501
62,1,4.453221,4.4071717,4.358518,4.3646846,4.3108377,4.177136,4.2723756,4.318583,4.4090614,4.5198855,4.6118474,4.887229,4.804939
62,2,4.4314322,4.389086,4.3430843,4.351149,4.299642,4.1688776,4.26879,4.318116,4.4124985,4.526228,4.6199174,4.8903093,4.8113194
62,3,4.44146,4.3982997,4.352167,4.360556,4.31045,4.184423,4.2863216,4.3328395,4.4226446,4.53644,4.6288924,4.9020867,4.8248506
62,4,4.4359207,4.385289,4.3346577,4.34056,4.2889605,4.1632147,4.256751,4.3069725,4.409896,4.5245385,4.6233697,4.903348,4.828734
62,5,4.410042,4.360139,4.309558,4.31506,4.2619305,4.131337,4.2302046,4.2980003,4.4204884,4.5297074,4.646772,4.90471,4.838489
62,6,4.431593,4.385607,4.3369846,4.343189,4.289526,4.157838,4.262263,4.322197,4.44162,4.572762,4.661432,4.92067,4.8480167
62,7,4.3176904,4.28193,4.2410374,4.253205,4.2081447,4.0938396,4.23019,4.3102274,4.4471025,4.5843945,4.679781,4.923121,4.855575
62,8,4.2752647,4.2378144,4.1966977,4.209575,4.167311,4.060011,4.191837,4.271316,4.423735,4.577603,4.655557,4.911009,4.8441176
62,9,4.3271027,4.282271,4.236115,4.245531,4.1990438,4.082545,4.1967964,4.2793016,4.4372826,4.5764475,4.679066,4.944961,4.8832574
62,10,4.357056,4.316425,4.2744503,4.2879214,4.24892,4.1482983,4.2701373,4.3454604,4.4919667,4.632676,4.7241526,4.955521,4.898451
63,1,4.4137473,4.3630595,4.3110404,4.3148475,4.2585216,4.1273437,4.232262,4.2709384,4.351073,4.476258,4.570616,4.830567,4.760516
63,2,4.405205,4.354865,4.305657,4.3137794,4.2680655,4.162871,4.279537,4.3234873,4.4036655,4.5146294,4.6012726,4.8595004,4.782772
63,3,4.3631306,4.3120246,4.263479,4.2731695,4.2319217,4.138684,4.262338,4.3130317,4.399052,4.502549,4.5825405,4.847643,4.770686
63,4,4.329927,4.2818017,4.2346764,4.244788,4.202873,4.1084776,4.2411337,4.2915516,4.3727975,4.4816656,4.563507,4.8500614,4.774607
63,5,4.3175063,4.2779207,4.237403,4.2527084,4.2183657,4.1375623,4.286865,4.342546,4.416728,4.512029,4.580091,4.8449078,4.7626114
63,6,4.38135,4.344077,4.306531,4.325152,4.2976403,4.2321773,4.3883915,4.4427085,4.508713,4.592877,4.6428103,4.896575,4.814241
63,7,4.342938,4.3093543,4.274523,4.2950864,4.2697234,4.2028213,4.349282,4.403804,4.488981,4.595774,4.6569123,4.8978667,4.810507
63,8,4.3477626,4.332561,4.309414,4.336977,4.317057,4.2483177,4.410341,4.4757595,4.544915,4.6186314,4.6991735,4.908108,4.8185287
63,9,4.384294,4.3705564,4.347414,4.3740473,4.3508444,4.2730107,4.4332113,4.501128,4.5768185,4.6565895,4.7329965,4.959517,4.8760824
63,10,4.4229593,4.4064336,4.380235,4.403682,4.3741045,4.2802553,4.42774,4.493987,4.5598917,4.622676,4.7254167,4.970104,4.887106
64,1,4.413261,4.371777,4.326711,4.3356805,4.2856536,4.155049,4.245951,4.288646,4.3737965,4.4800396,4.5791736,4.852094,4.7775474
64,2,4.4445076,4.405978,4.3615108,4.3695517,4.3152876,4.1723347,4.263598,4.3117104,4.4017286,4.5077214,4.605377,4.88288,4.8094254
64,3,4.452093,4.415285,4.371481,4.379461,4.3238153,4.174881,4.262874,4.3131146,4.410074,4.5226626,4.633591,4.906718,4.8357463
64,4,4.3898644,4.4200034,4.407273,4.422484,4.3419657,4.090118,4.222073,4.297998,4.3853774,4.525739,4.640492,4.9089518,4.858036
64,5,4.331804,4.3825717,4.3826284,4.405282,4.330325,4.081044,4.242138,4.3210993,4.3954854,4.5444045,4.6660275,4.920171,4.858946
64,6,4.268796,4.310483,4.3073997,4.3308253,4.2637315,4.040563,4.2035275,4.279582,4.356409,4.5066314,4.6353245,4.8988185,4.8406277
64,7,4.4151134,4.4467473,4.4358306,4.453082,4.377056,4.1394486,4.2888746,4.363622,4.4523163,4.6154156,4.744492,5.023893,4.967488
64,8,4.446561,4.473256,4.459875,4.4763618,4.40181,4.1736283,4.3295946,4.406856,4.501878,4.6717596,4.80355,5.076037,5.0145755
64,9,4.322469,4.370002,4.3710837,4.39762,4.3352036,4.127659,4.3298783,4.427056,4.533788,4.7167454,4.8403335,5.104953,5.045381
64,10,4.3465943,4.3872757,4.384144,4.4082704,4.344179,4.1363497,4.3250394,4.4146237,4.522582,4.7077756,4.8024044,5.0810905,5.02478
65,1,4.4289374,4.3893676,4.34728,4.3597984,4.3172812,4.2018948,4.2858443,4.307712,4.3775344,4.500611,4.5960536,4.845864,4.75619
65,2,4.420816,4.373905,4.3263316,4.3346252,4.28585,4.1549873,4.2075944,4.2169104,4.2927585,4.431356,4.5424232,4.80786,4.7108064
65,3,4.449925,4.4047775,4.3588514,4.3687167,4.322959,4.2009935,4.2660103,4.27564,4.341847,4.4737725,4.578831,4.844872,4.740599
65,4,4.4806333,4.4350104,4.387629,4.3954496,4.344857,4.211175,4.2733417,4.2894416,4.36414,4.4935884,4.5934134,4.8675466,4.773362
65,5,4.4619308,4.41954,4.3748803,4.3849535,4.3376117,4.205901,4.2600746,4.274682,4.3490715,4.470218,4.5595837,4.835516,4.7540917
65,6,4.4690714,4.4250507,4.380523,4.3918867,4.34899,4.2311893,4.293588,4.306225,4.3725805,4.488284,4.574054,4.8459387,4.763858
65,7,4.4619923,4.4205236,4.3778286,4.390396,4.348319,4.223949,4.2671256,4.2819633,4.358636,4.4632816,4.5355077,4.807653,4.730536
65,8,4.4962215,4.44396,4.3923235,4.3973703,4.3433084,4.1956525,4.218083,4.231942,4.3158474,4.421766,4.510633,4.7999754,4.72761
65,9,4.504261,4.4399004,4.3753796,4.3674393,4.2888093,4.0913405,4.0928426,4.108778,4.210378,4.3405766,4.4523177,4.765761,4.6953692
65,10,4.4590454,4.400073,4.3395376,4.334569,4.259885,4.0681314,4.070623,4.076321,4.1690044,4.3112073,4.4128556,4.7278585,4.655365
66,1,4.442332,4.3976297,4.350421,4.358025,4.3067665,4.1767287,4.2678676,4.308235,4.3894258,4.494517,4.5888996,4.85515,4.7712135
66,2,4.4248323,4.383588,4.3391304,4.348959,4.301067,4.1772337,4.2751803,4.3175507,4.399418,4.5058117,4.5996118,4.85402,4.767456
66,3,4.36483,4.3279395,4.2865353,4.29849,4.253103,4.13226,4.2355103,4.2805963,4.359063,4.456905,4.5443716,4.7996774,4.7074847
66,4,4.3710904,4.3359847,4.2954884,4.3078046,4.26236,4.142546,4.2549815,4.3014355,4.374596,4.470319,4.5539393,4.804835,4.7064304
66,5,4.333957,4.304793,4.2694006,4.2861056,4.247671,4.139079,4.2542033,4.2978363,4.3668885,4.461777,4.5420866,4.773725,4.673476
66,6,4.2970424,4.268929,4.2362213,4.2565846,4.2266355,4.1380067,4.256664,4.292395,4.351492,4.4450274,4.5126343,4.751271,4.639001
66,7,4.372191,4.355918,4.3270693,4.346001,4.3045144,4.175977,4.2769957,4.2998834,4.3366833,4.4282813,4.4948044,4.7367563,4.6261215
66,8,4.3729286,4.3674374,4.3468804,4.3722653,4.3399653,4.2263265,4.345052,4.3788176,4.413286,4.4826846,4.523262,4.7422743,4.636962
66,9,4.382774,4.3726034,4.34969,4.374292,4.343147,4.2366457,4.3552938,4.383455,4.410681,4.4809937,4.533569,4.7720156,4.664391
66,10,4.3711224,4.3605404,4.339139,4.3663707,4.3417125,4.2467566,4.352853,4.3736286,4.3991175,4.467174,4.5280795,4.7803135,4.643103
67,1,4.38482,4.3508525,4.312705,4.328078,4.2895384,4.185556,4.302239,4.3478823,4.42273,4.519527,4.5899715,4.861182,4.7807813
67,2,4.436496,4.39985,4.362092,4.379802,4.3488173,4.2647147,4.3864207,4.43543,4.5099335,4.5919266,4.6593194,4.918024,4.8399687
67,3,4.4803534,4.449967,4.4178233,4.4405766,4.418193,4.350949,4.4830604,4.528451,4.5846024,4.650117,4.709425,4.986233,4.9126797
67,4,4.476859,4.449003,4.4188824,4.4432874,4.42346,4.3613806,4.496508,4.536515,4.5849338,4.652736,4.7002063,4.9749384,4.897205
67,5,4.3974347,4.386086,4.3670135,4.3985834,4.385751,4.3259583,4.4683156,4.508005,4.5385404,4.589215,4.654201,4.934789,4.868307
67,6,4.355093,4.341205,4.3223095,4.355758,4.34912,4.3042445,4.44672,4.4947214,4.5431943,4.592781,4.656771,4.9376545,4.887533
67,7,4.305362,4.2932796,4.276879,4.313109,4.3118896,4.274265,4.4097395,4.460198,4.5277386,4.596277,4.704232,4.957519,4.897143
67,8,4.3167086,4.32527,4.3184576,4.3569093,4.347912,4.277227,4.424622,4.4863954,4.553654,4.6248794,4.7395267,4.9943542,4.9438767
67,9,4.3063817,4.3156195,4.308547,4.346111,4.334291,4.2542596,4.3923407,4.451195,4.5207653,4.5975103,4.7137885,4.962284,4.9163766
67,10,4.4527917,4.4577456,4.4487333,4.4858994,4.4757404,4.4012723,4.5269136,4.5725474,4.635805,4.7178245,4.8131347,5.0643077,5.0171137
68,1,4.4351325,4.3904634,4.343005,4.3502226,4.2981515,4.1682997,4.265267,4.3043456,4.3813906,4.4906597,4.587041,4.85911,4.7742777
68,2,4.436215,4.3930326,4.347303,4.356363,4.3079944,4.1867366,4.290337,4.3319592,4.4089003,4.5143476,4.6059756,4.874482,4.7899246
68,3,4.458912,4.412461,4.3646526,4.372438,4.3229,4.199924,4.2978673,4.34216,4.4287357,4.5368934,4.633276,4.901529,4.8115063
68,4,4.4619246,4.4395533,4.411763,4.436433,4.413854,4.342963,4.488132,4.5341005,4.5853076,4.6613693,4.729738,4.958762,4.85764
68,5,4.455725,4.439623,4.414891,4.4404783,4.4161863,4.3373184,4.4898734,4.543291,4.5960836,4.668475,4.7418776,4.962346,4.847778
68,6,4.445544,4.424563,4.39669,4.4202986,4.394027,4.3115506,4.4560184,4.513447,4.57141,4.635217,4.733959,4.9775558,4.8843236
68,7,4.426535,4.4147687,4.3914495,4.416506,4.3879647,4.294356,4.446362,4.5085764,4.5713553,4.646198,4.7446713,5.0016494,4.9173646
68,8,4.437261,4.43173,4.414507,4.4454684,4.428059,4.361953,4.543472,4.6052403,4.643409,4.7020974,4.804735,5.01608,4.92536
68,9,4.4275594,4.422543,4.4046,4.434117,4.412974,4.3401523,4.529969,4.5972056,4.6363635,4.6953235,4.800225,5.018091,4.931795
68,10,4.396568,4.4001245,4.389006,4.424024,4.411102,4.352172,4.552273,4.6172614,4.649356,4.7102413,4.8170967,5.0349827,4.9402494
69,1,4.4323435,4.3871827,4.3387203,4.344672,4.2899246,4.1560574,4.2572994,4.297405,4.3762918,4.49203,4.5802145,4.8522506,4.7786784
69,2,4.4341774,4.3867145,4.335929,4.3395753,4.2803745,4.1351795,4.225386,4.2663937,4.353416,4.4732757,4.57177,4.8515215,4.7773857
69,3,4.4379425,4.399038,4.355532,4.3654733,4.316722,4.1937747,4.309223,4.358327,4.4427676,4.555489,4.6433043,4.8999515,4.82584
69,4,4.4423556,4.4062634,4.3639927,4.3741875,4.324561,4.201357,4.328283,4.3761044,4.4539323,4.572312,4.6455393,4.920673,4.8457375
69,5,4.40502,4.3698697,4.32826,4.3389645,4.2902136,4.171058,4.30554,4.3515244,4.4320803,4.567412,4.6350565,4.90921,4.8288574
69,6,4.424402,4.372559,4.316264,4.313978,4.243388,4.081272,4.1786957,4.215193,4.317013,4.490554,4.5735965,4.896649,4.816421
69,7,4.38927,4.3380475,4.2835927,4.2837424,4.2182393,4.0604997,4.1382136,4.171105,4.2825017,4.4602604,4.5781126,4.910653,4.8251295
69,8,4.398753,4.3436637,4.2870226,4.28607,4.2200584,4.0607405,4.133255,4.1781197,4.296334,4.4479375,4.5892353,4.909185,4.826713
69,9,4.430505,4.3769255,4.322793,4.324873,4.2652817,4.1181436,4.1910706,4.2364554,4.3466797,4.4798636,4.638215,4.968789,4.892104
69,10,4.457183,4.405559,4.3530784,4.3564887,4.298592,4.149626,4.209064,4.251021,4.3648076,4.498452,4.6596084,4.988291,4.9056764
70,1,4.410293,4.3606176,4.309729,4.3146353,4.260045,4.127901,4.21974,4.2573037,4.3395915,4.455713,4.5486794,4.8328424,4.7533383
70,2,4.4441466,4.3934603,4.3421082,4.3469024,4.292629,4.161253,4.251589,4.2927322,4.379817,4.490179,4.573869,4.8562584,4.787453
70,3,4.473372,4.420962,4.3684816,4.3725066,4.317154,4.1809907,4.2574387,4.2961617,4.385901,4.4914117,4.567791,4.843392,4.766367
70,4,4.5053897,4.4511337,4.396963,4.3993907,4.340955,4.1951647,4.249974,4.2685733,4.3365307,4.439819,4.5169497,4.802496,4.7196383
70,5,4.47515,4.424133,4.3727446,4.3775516,4.3228393,4.1821017,4.2303658,4.2330155,4.287897,4.405718,4.494401,4.7922125,4.71192
70,6,4.439119,4.403611,4.3607244,4.369354,4.314485,4.166396,4.2358327,4.2348185,4.257551,4.3634105,4.4505177,4.743052,4.6544323
70,7,4.462369,4.4306755,4.3921494,4.4052553,4.3586116,4.221467,4.280025,4.2829843,4.318935,4.415544,4.4894385,4.7727985,4.6880965
70,8,4.4204097,4.385621,4.344419,4.355223,4.304951,4.1627975,4.2257023,4.238699,4.2872853,4.3844886,4.4599643,4.738078,4.655349
70,9,4.439651,4.3949256,4.3463383,4.3516026,4.2938633,4.14014,4.1898656,4.201086,4.253421,4.351083,4.4358726,4.72377,4.6376166
70,10,4.393502,4.3589168,4.3171787,4.3270755,4.2748275,4.133035,4.210475,4.2179623,4.240045,4.3272376,4.411974,4.7298985,4.6479077
71,1,4.4316025,4.3895073,4.341994,4.347461,4.2893,4.1422796,4.235365,4.278959,4.365375,4.4814973,4.574938,4.8520994,4.7742968
71,2,4.39901,4.3577256,4.3111587,4.3176613,4.2617083,4.121263,4.2231016,4.2670956,4.3464284,4.4578614,4.55703,4.831898,4.7538424
71,3,4.4197483,4.3843865,4.3434243,4.3551507,4.308396,4.1856256,4.294652,4.329373,4.3792906,4.46904,4.576248,4.8735094,4.8009214
71,4,4.4455338,4.4101233,4.368117,4.3781896,4.3273153,4.194448,4.3007693,4.3378954,4.3920107,4.4841957,4.594934,4.8948746,4.8206463
71,5,4.4433928,4.414877,4.379087,4.3947663,4.3534904,4.239401,4.3555408,4.3874016,4.4293475,4.5180817,4.6154914,4.9130335,4.8321824
71,6,4.462119,4.437321,4.403266,4.4194264,4.3772764,4.2625055,4.3944125,4.4325314,4.4792643,4.5773983,4.661987,4.9397187,4.856546
71,7,4.41863,4.3903394,4.3548517,4.370969,4.3311024,4.225996,4.365111,4.4051313,4.451805,4.5502286,4.652344,4.919876,4.849736
71,8,4.395692,4.3669786,4.3325763,4.350735,4.3163657,4.2263365,4.3787384,4.429477,4.4869847,4.5834117,4.6945195,4.946017,4.8805585
71,9,4.3778486,4.3597975,4.331171,4.3519926,4.318232,4.2325783,4.4160714,4.4608874,4.5126414,4.646514,4.6891913,4.95603,4.8595386
71,10,4.369165,4.337333,4.2973313,4.3085537,4.259214,4.139553,4.2848325,4.327749,4.3986692,4.5419455,4.6182733,4.9150147,4.833193
72,1,4.4516726,4.4009333,4.347736,4.349615,4.288203,4.141082,4.232996,4.27915,4.3712997,4.487204,4.580733,4.8588233,4.780672
72,2,4.4397345,4.3976417,4.351705,4.3597617,4.308318,4.180579,4.2893796,4.3356237,4.4129615,4.5147057,4.5974336,4.876891,4.7988806
72,3,4.4721837,4.4337983,4.3911147,4.4020414,4.3553953,4.2368717,4.3525634,4.399214,4.4683204,4.5588694,4.6373973,4.90944,4.8243937
72,4,4.468271,4.434159,4.3939657,4.4061394,4.3597198,4.237157,4.349513,4.393567,4.4641004,4.5639763,4.6501203,4.9175854,4.8298907
72,5,4.4803047,4.447427,4.4077086,4.4199147,4.3730474,4.251885,4.3736725,4.415237,4.4791102,4.585304,4.6644793,4.948811,4.8656197
72,6,4.4711633,4.451358,4.419396,4.4357653,4.391039,4.26813,4.4052167,4.4492435,4.5141006,4.63481,4.695353,4.986284,4.897196
72,7,4.478476,4.454056,4.417818,4.4303217,4.3791847,4.2473245,4.3778024,4.40509,4.467929,4.6266026,4.668553,5.000331,4.902757
72,8,4.4759736,4.4475694,4.408702,4.419475,4.366373,4.2298746,4.345284,4.3659873,4.4348383,4.6067753,4.6590743,5.0033636,4.9063926
72,9,4.4643993,4.4436154,4.410655,4.4260006,4.379108,4.2486134,4.3597546,4.3753166,4.442292,4.6201615,4.685234,5.0254135,4.916234
72,10,4.4953814,4.4764233,4.4462957,4.4650154,4.4253116,4.3100452,4.4235,4.4307666,4.4743137,4.6324444,4.7063417,5.044099,4.9333997
73,1,4.3819003,4.341541,4.2969923,4.3061657,4.256345,4.130709,4.2397776,4.2859206,4.371444,4.4886813,4.584293,4.858411,4.781388
73,2,4.366481,4.3249545,4.2809215,4.291617,4.2460933,4.1283884,4.2258,4.26139,4.3425574,4.4651012,4.5714064,4.851431,4.770714
73,3,4.358914,4.3183274,4.273805,4.283065,4.233122,4.1013346,4.183606,4.2087984,4.293464,4.4426894,4.570588,4.8460784,4.7658033
73,4,4.36166,4.3150473,4.2675567,4.27591,4.2276673,4.1050696,4.1872034,4.21033,4.287189,4.422666,4.5454707,4.8245707,4.7343783
73,5,4.416026,4.364926,4.3135347,4.3184876,4.2646737,4.1321487,4.204892,4.2171903,4.271915,4.390123,4.49124,4.7534504,4.660789
73,6,4.3699555,4.3169575,4.261717,4.2617383,4.197066,4.0426497,4.113554,4.123158,4.1794095,4.316297,4.41503,4.7149954,4.6234713
73,7,4.376148,4.3247113,4.269086,4.2674866,4.1977477,4.0300117,4.098513,4.1074257,4.1538434,4.279021,4.3723335,4.6539807,4.555959
73,8,4.408225,4.365554,4.3168545,4.3207703,4.259034,4.1029744,4.1781325,4.1872177,4.2247443,4.3369193,4.4224124,4.6868396,4.588462
73,9,4.425986,4.3795652,4.329232,4.33288,4.2727056,4.120677,4.184939,4.188023,4.228182,4.346383,4.437159,4.69521,4.592889
73,10,4.3994184,4.35384,4.304724,4.309796,4.2526608,4.1076436,4.1771765,4.1841655,4.2272344,4.342413,4.4332595,4.680034,4.5802054
74,1,4.43198,4.3877316,4.3402886,4.347233,4.294065,4.1595306,4.250337,4.2897453,4.372452,4.4850025,4.5809145,4.8585086,4.7852545
74,2,4.4627004,4.4214296,4.3752666,4.3823795,4.3277993,4.188854,4.283347,4.321264,4.4018,4.5226936,4.622278,4.8940215,4.8219333
74,3,4.3858867,4.347174,4.303499,4.312916,4.2621503,4.127079,4.2244573,4.281925,4.37888,4.476861,4.6010594,4.8460445,4.775911
74,4,4.3854775,4.3526053,4.313374,4.3261704,4.279895,4.1491795,4.239973,4.2874207,4.3860927,4.505263,4.6217628,4.8762584,4.7939873
74,5,4.3999763,4.365005,4.323845,4.3348246,4.285102,4.144306,4.2223186,4.27252,4.3853216,4.5109005,4.639141,4.881139,4.7918406
74,6,4.433446,4.398653,4.357167,4.367501,4.3160143,4.1703835,4.2459226,4.2980113,4.4201546,4.5555315,4.682858,4.911519,4.8169556
74,7,4.4194765,4.3865047,4.3461757,4.357265,4.306751,4.1654773,4.251363,4.299849,4.4156647,4.5613184,4.685374,4.9179816,4.823533
74,8,4.419295,4.386265,4.3466763,4.3589344,4.311092,4.1727033,4.246969,4.2885094,4.403183,4.552186,4.6884418,4.924076,4.83323
74,9,4.4505835,4.423768,4.3887644,4.4044294,4.3611083,4.2295756,4.314918,4.3637276,4.4751673,4.6077895,4.7336755,4.9417405,4.8491
74,10,4.435053,4.418112,4.3890476,4.408007,4.366805,4.2367644,4.3449087,4.40488,4.511995,4.6350174,4.7632227,4.973402,4.885693
75,1,4.4062524,4.3636184,4.31689,4.3240013,4.2704496,4.1368136,4.2378373,4.279725,4.3599253,4.4724894,4.557645,4.842486,4.762211
75,2,4.4015,4.364436,4.3224254,4.3335466,4.286331,4.1629677,4.269311,4.3144712,4.3981967,4.5091467,4.5896235,4.8515816,4.761075
75,3,4.3997107,4.372136,4.3370147,4.353119,4.3120537,4.1947703,4.3043094,4.3462186,4.4217024,4.5323853,4.629663,4.89419,4.805095
75,4,4.3532224,4.3242745,4.2887874,4.305158,4.26555,4.151502,4.2578917,4.301588,4.385554,4.5005937,4.6036825,4.868117,4.7754025
75,5,4.2984653,4.2796464,4.2488856,4.266475,4.2237926,4.1005616,4.228495,4.2751627,4.3533607,4.48418,4.5926704,4.869583,4.7761226
75,6,4.4086733,4.3809757,4.343882,4.3568754,4.3080754,4.1717615,4.2824244,4.3432894,4.4531407,4.584226,4.7200017,4.975917,4.891409
75,7,4.361141,4.336234,4.299202,4.310554,4.25608,4.1070237,4.2271533,4.2951126,4.410165,4.549963,4.6954613,4.975335,4.8976674
75,8,4.2644806,4.243088,4.2103376,4.2263393,4.1812215,4.052363,4.183618,4.2581654,4.385662,4.5332313,4.685582,4.973559,4.8946075
75,9,4.2879634,4.2666254,4.2343855,4.251217,4.208343,4.087393,4.2267604,4.2984776,4.4180155,4.5646706,4.7039824,4.9806757,4.8951206
75,10,4.1997457,4.176165,4.143049,4.159953,4.1189375,4.0068426,4.1549015,4.2265353,4.3521123,4.5175056,4.671351,4.966885,4.8860517
76,1,4.4188604,4.3697424,4.3176465,4.320257,4.259607,4.112893,4.2038436,4.2483277,4.349316,4.4848704,4.584564,4.8706727,4.7865486
76,2,4.2675886,4.219102,4.168746,4.173806,4.119123,3.9895422,4.1029806,4.1656866,4.286734,4.4276867,4.5535927,4.856063,4.7791934
76,3,4.225915,4.17386,4.1217723,4.126345,4.07285,3.9498646,4.069668,4.141107,4.2758675,4.421203,4.560763,4.8678236,4.7965665
76,4,4.241962,4.19559,4.146757,4.152898,4.0994744,3.9705887,4.089802,4.165205,4.297656,4.4317937,4.580114,4.880968,4.8113317
76,5,4.27789,4.230417,4.1815343,4.188253,4.136774,4.0106897,4.124524,4.205012,4.3434277,4.464692,4.612446,4.906036,4.835212
76,6,4.205028,4.162611,4.114807,4.1200323,4.0615964,3.9157162,4.0316257,4.119421,4.2718506,4.4115973,4.5746627,4.899014,4.8386307
76,7,4.2457356,4.198046,4.147212,4.1509113,4.0919695,3.9473538,4.0550704,4.138776,4.2842994,4.412058,4.5746036,4.895883,4.8349905
76,8,4.1589375,4.1143513,4.065438,4.070283,4.0123925,3.870531,3.9916544,4.0846887,4.2389927,4.3719287,4.5403724,4.8827167,4.823428
76,9,4.1942635,4.145051,4.094121,4.098641,4.042746,3.906721,4.017889,4.10301,4.2446103,4.3634524,4.5414367,4.89238,4.8377247
76,10,4.170064,4.1276717,4.0817738,4.090034,4.039111,3.9106703,4.03194,4.1185236,4.250484,4.35816,4.533715,4.871435,4.821844
77,1,4.431361,4.387052,4.3393755,4.3460226,4.2923517,4.159106,4.2598834,4.3076887,4.3986773,4.5127807,4.6042476,4.886924,4.809453
77,2,4.400233,4.3674917,4.329941,4.345439,4.3061943,4.1968656,4.303308,4.34077,4.4094434,4.5131288,4.614695,4.8875127,4.7932806
77,3,4.4158583,4.38676,4.3526797,4.3714604,4.3381796,4.242121,4.358264,4.393455,4.4494996,4.542224,4.62821,4.910485,4.8147426
77,4,4.4419208,4.4204216,4.3916593,4.414184,4.3855906,4.298461,4.4350977,4.477476,4.5292945,4.616606,4.702393,4.9686136,4.873208
77,5,3.7563326,3.7532935,3.7404108,3.7770898,3.7738574,3.7586958,4.025276,4.1445804,4.290021,4.4531026,4.576223,4.9094944,4.8288755
77,6,3.7832987,3.7767086,3.7622888,3.7987506,3.7971892,3.7875216,4.046204,4.1562834,4.2935095,4.454646,4.56965,4.893422,4.8052707
77,7,3.7828937,3.7824607,3.7716985,3.8100426,3.808893,3.7919998,4.038753,4.139779,4.269661,4.4333653,4.5464997,4.860489,4.771687
77,8,3.866654,3.8625166,3.8510666,3.8905635,3.894196,3.8853364,4.116129,4.213362,4.3337073,4.471174,4.617092,4.912075,4.8274293
77,9,4.0350585,4.0384603,4.028586,4.065793,4.0588202,4.0189834,4.2456856,4.343827,4.4652305,4.6122622,4.748632,5.044246,4.9616475
77,10,4.0320697,4.0401726,4.03565,4.0783243,4.0813117,4.053865,4.264027,4.362854,4.4888325,4.6125855,4.7295556,5.022436,4.9596667
78,1,4.509694,4.4732246,4.432946,4.446505,4.4051332,4.297142,4.4105883,4.4454293,4.5027876,4.6001806,4.685354,4.963284,4.865687
78,2,4.512416,4.4691496,4.4223466,4.429746,4.3773365,4.2470655,4.3480306,4.3865094,4.459252,4.5681477,4.6612067,4.963303,4.8649526
78,3,4.50339,4.4574356,4.4080715,4.4130783,4.3564763,4.218645,4.317766,4.3587093,4.4383397,4.553161,4.6470017,4.9590554,4.86873
78,4,4.5337663,4.4912343,4.444676,4.451951,4.39851,4.2621965,4.3532753,4.3951316,4.47381,4.5729604,4.6570883,4.992439,4.873024
78,5,4.5402555,4.4853787,4.4282303,4.4263096,4.3576527,4.1907167,4.253012,4.2867813,4.373483,4.4898205,4.5975475,4.9551363,4.8516226
78,6,4.500771,4.4498396,4.3958116,4.3963666,4.331242,4.168723,4.2315702,4.264819,4.3484783,4.45986,4.5655174,4.9109654,4.800783
78,7,4.538001,4.48566,4.430628,4.430424,4.364089,4.1968055,4.245209,4.2700953,4.3507752,4.462862,4.553114,4.880189,4.7766757
78,8,4.5728574,4.5155654,4.457167,4.4547267,4.386057,4.2173104,4.2630944,4.289783,4.377572,4.491834,4.5701814,4.8941545,4.789628
78,9,4.5345545,4.479657,4.422146,4.4195986,4.3491206,4.174434,4.2227526,4.253378,4.346223,4.465146,4.550371,4.849914,4.7520227
78,10,4.554808,4.50239,4.4461412,4.4440045,4.3727827,4.1925154,4.237806,4.272735,4.361705,4.4614325,4.549969,4.8543887,4.751534
79,1,4.431468,4.387903,4.3405514,4.3471704,4.2925887,4.152155,4.23704,4.2812753,4.374434,4.4856434,4.5737133,4.8558607,4.783397
79,2,4.4588704,4.424072,4.3854747,4.4005103,4.3609705,4.2465363,4.3279862,4.355948,4.430028,4.537728,4.615928,4.878556,4.8017592
79,3,4.4613447,4.4206023,4.3773475,4.388692,4.34378,4.2207212,4.2960224,4.3247695,4.399691,4.5026913,4.5840993,4.8550963,4.780946
79,4,4.464914,4.4202805,4.373064,4.3805275,4.3284693,4.1914225,4.259774,4.283205,4.3496346,4.452795,4.5473876,4.8402324,4.768073
79,5,4.461375,4.412468,4.361529,4.36577,4.308598,4.1644425,4.2346196,4.2603846,4.32872,4.434046,4.5309715,4.8304033,4.7595305
79,6,4.4404206,4.3945284,4.3477755,4.3567886,4.3094144,4.1844788,4.2580376,4.2899776,4.356166,4.432269,4.5067515,4.821089,4.7516246
79,7,4.3816285,4.335082,4.28773,4.296197,4.2478595,4.1208215,4.19191,4.223913,4.297515,4.3841786,4.459816,4.776461,4.702319
79,8,4.344807,4.2906494,4.2373075,4.2409945,4.1855927,4.0463986,4.1036515,4.1274753,4.2014456,4.3018,4.3932233,4.741976,4.6824975
79,9,4.3973284,4.3477607,4.298826,4.3067317,4.25919,4.1392303,4.2116303,4.225195,4.2723355,4.363285,4.4313884,4.771889,4.7088056
79,10,4.36597,4.3235044,4.280029,4.2921658,4.250554,4.1391892,4.215747,4.224419,4.261117,4.349868,4.415043,4.7533026,4.678846
80,1,4.4052396,4.3647103,4.320571,4.3305507,4.283037,4.16534,4.283406,4.331493,4.415524,4.5312304,4.6204925,4.8950696,4.808651
80,2,4.454019,4.4156756,4.3732753,4.384653,4.339202,4.224706,4.3449287,4.3946157,4.4813886,4.597494,4.6782017,4.9336405,4.8417325
80,3,4.6048527,4.568532,4.527738,4.5405135,4.497762,4.3947473,4.5373917,4.5826607,4.648339,4.764095,4.8464274,5.0842075,4.9756975
80,4,4.6997595,4.661,4.617875,4.628472,4.5819154,4.4722404,4.612733,4.655533,4.7199335,4.841512,4.9293394,5.15021,5.0384436
80,5,4.6970325,4.6564283,4.6117616,4.621077,4.572616,4.461001,4.607592,4.6580157,4.7160664,4.8134446,4.9026384,5.1264772,5.0180087
80,6,4.6782103,4.6339283,4.5877357,4.5969195,4.5503836,4.4444823,4.587356,4.6399355,4.699972,4.787792,4.8878565,5.1188645,5.0184107
80,7,4.7135,4.66765,4.6197095,4.627105,4.57722,4.465636,4.608752,4.6613445,4.721316,4.811151,4.9048305,5.154865,5.063073
80,8,4.704829,4.6535344,4.6001005,4.6021633,4.542584,4.412901,4.5557094,4.6245685,4.7178907,4.8247523,4.909572,5.089014,4.9910045
80,9,4.7273436,4.6687837,4.608999,4.6053953,4.5359273,4.3822703,4.497981,4.5670724,4.672298,4.777994,4.881071,5.0769043,4.9819474
80,10,4.806289,4.743656,4.679921,4.6725597,4.5963116,4.428959,4.5331955,4.5907965,4.6757483,4.7711234,4.871562,5.0621953,4.959524
81,1,4.424907,4.380478,4.331819,4.3369727,4.2797036,4.138593,4.2376146,4.281599,4.3669343,4.4843655,4.5779977,4.872499,4.79657
81,2,4.4546647,4.416407,4.373449,4.3838286,4.335631,4.21203,4.3245416,4.374804,4.4545627,4.5533853,4.6464767,4.9167624,4.838627
81,3,4.4198084,4.3776946,4.3314548,4.3390503,4.2865224,4.1568875,4.268833,4.3195233,4.4050446,4.5139155,4.603875,4.881992,4.8048716
81,4,4.447365,4.40789,4.3624654,4.3697023,4.314666,4.178273,4.2937884,4.3465075,4.434434,4.5494933,4.6357837,4.917268,4.838452
81,5,4.457014,4.4240174,4.3828483,4.392773,4.3401947,4.2042656,4.322897,4.375757,4.457096,4.5650105,4.6506243,4.935866,4.863794
81,6,4.4665713,4.4392467,4.40459,4.421441,4.3828254,4.2805037,4.420246,4.462865,4.52134,4.62772,4.6946874,4.98065,4.902571
81,7,4.4721794,4.4438667,4.4084444,4.42464,4.384779,4.277101,4.408338,4.45456,4.517515,4.614893,4.6968603,4.9815,4.9080734
81,8,4.493542,4.466955,4.4319434,4.4477806,4.4063053,4.2984796,4.444483,4.489191,4.549195,4.663163,4.7340584,4.987169,4.942396
81,9,4.5116367,4.4773293,4.43984,4.45662,4.422452,4.3371854,4.4823647,4.524382,4.5831265,4.6905046,4.7727137,5.0233297,4.9801493
81,10,4.499041,4.460061,4.4181924,4.430984,4.3901997,4.2964053,4.446207,4.4859505,4.5396504,4.6549087,4.7402635,5.0024366,4.948439
82,1,4.4584746,4.41582,4.3697457,4.377934,4.327137,4.2007713,4.307659,4.354607,4.440222,4.5516243,4.639184,4.909765,4.8158193
82,2,4.477311,4.4238095,4.369255,4.370719,4.3100514,4.1666164,4.257349,4.306138,4.4124484,4.542286,4.6422853,4.9332075,4.8420677
82,3,4.400841,4.349934,4.2977676,4.3014956,4.245179,4.114985,4.225232,4.2782917,4.3885508,4.5299053,4.618739,4.909149,4.817224
82,4,4.3123612,4.2736635,4.229057,4.2371984,4.184308,4.057328,4.191321,4.2518253,4.3523426,4.4846406,4.56407,4.854091,4.767044
82,5,4.250832,4.2142487,4.1724277,4.1834598,4.1352863,4.003975,4.0989738,4.1642714,4.289032,4.401139,4.472939,4.778474,4.720847
82,6,4.309834,4.2757573,4.2347813,4.2455926,4.1953616,4.058822,4.16002,4.2261662,4.3481884,4.466593,4.5585017,4.8548317,4.791494
82,7,4.311318,4.2777815,4.23719,4.2482834,4.19844,4.0628037,4.1576505,4.205496,4.319775,4.469413,4.563817,4.858307,4.787109
82,8,4.2576227,4.238217,4.2047443,4.2182527,4.1653204,4.0124598,4.1154904,4.1636944,4.2625413,4.4081955,4.5206428,4.8195777,4.74362
82,9,4.128117,4.1086435,4.0800214,4.1013346,4.067736,3.9588308,4.076002,4.144946,4.268206,4.393141,4.5164676,4.79779,4.728076
82,10,4.14839,4.1215963,4.085892,4.1005287,4.0551844,3.925755,4.0409636,4.1121597,4.2399654,4.3768167,4.5297446,4.821681,4.7601123
83,1,4.4526424,4.4111614,4.365863,4.3745065,4.323895,4.1947737,4.2929864,4.3328624,4.40641,4.5081573,4.597129,4.8813314,4.8001847
83,2,4.453795,4.419135,4.3794403,4.3928046,4.349872,4.2380276,4.3573637,4.4021726,4.4760027,4.579746,4.6428704,4.9036446,4.8154902
83,3,4.4406276,4.413081,4.37917,4.3973327,4.361981,4.2656875,4.400665,4.444039,4.5064154,4.605936,4.6553054,4.9177127,4.8233695
83,4,4.4833198,4.445275,4.4029965,4.414354,4.368513,4.2510347,4.3630996,4.4111547,4.5015326,4.617081,4.676705,4.950666,4.864127
83,5,4.4624887,4.423219,4.379328,4.388869,4.3392854,4.213692,4.3244996,4.377437,4.481061,4.6089163,4.6791925,4.949151,4.87339
83,6,4.4592724,4.4276986,4.389609,4.4035935,4.3602614,4.245836,4.3692746,4.4189453,4.509774,4.6358285,4.700747,4.970386,4.902972
83,7,4.4854984,4.456723,4.4212584,4.437622,4.3981695,4.2879286,4.4057755,4.454482,4.543237,4.6593575,4.722315,4.9791636,4.918466
83,8,4.4902525,4.4637113,4.4296756,4.4469566,4.4085727,4.302043,4.433701,4.494578,4.591817,4.7016673,4.748807,5.020638,4.939479
83,9,4.55183,4.524249,4.48883,4.504577,4.46315,4.351414,4.483525,4.547951,4.656562,4.7742486,4.786344,5.04217,4.957022
83,10,4.3944483,4.370686,4.3404145,4.3620486,4.333065,4.251099,4.406019,4.483194,4.6108317,4.7407928,4.7653975,5.0492964,4.951539
84,1,4.3989806,4.356738,4.3095355,4.315638,4.2593446,4.1192694,4.222716,4.270122,4.356619,4.47202,4.569171,4.8461757,4.7658195
84,2,4.4025326,4.360429,4.315048,4.3239427,4.2742906,4.1470494,4.2448483,4.290061,4.376396,4.4841437,4.5808086,4.8507094,4.7630386
84,3,4.401721,4.362052,4.3187003,4.3291993,4.281485,4.150964,4.2290177,4.269063,4.3630185,4.4746356,4.5637007,4.8278556,4.747027
84,4,4.339201,4.301171,4.257924,4.2676044,4.2170763,4.082245,4.1701355,4.2095084,4.2988844,4.419003,4.5044274,4.7581906,4.6692905
84,5,4.2952824,4.2607145,4.2204976,4.232918,4.187357,4.0665064,4.1738057,4.212193,4.284658,4.3954554,4.4713607,4.726151,4.631958
84,6,4.335215,4.296409,4.253302,4.2637515,4.215864,4.0906377,4.1823363,4.2037435,4.2555537,4.3612733,4.435227,4.694922,4.6013894
84,7,4.262877,4.2186146,4.170213,4.1756067,4.1185,3.9735973,4.056718,4.087967,4.151178,4.249384,4.3463078,4.6276784,4.5499887
84,8,4.2846155,4.254144,4.2150307,4.226481,4.175288,4.031068,4.11253,4.1372776,4.1860967,4.278227,4.3784633,4.6434126,4.565545
84,9,4.2953568,4.2651052,4.2273207,4.2407317,4.1941147,4.0585027,4.136046,4.159755,4.210524,4.30041,4.4061713,4.660953,4.573471
84,10,4.339637,4.314659,4.282671,4.30205,4.2669864,4.15605,4.2426248,4.2570295,4.2935762,4.3847127,4.4834366,4.729502,4.626042
85,1,4.4077373,4.359659,4.3088117,4.312834,4.2553644,4.1196933,4.230915,4.284342,4.373663,4.4823737,4.571598,4.859501,4.785758
85,2,4.3725047,4.3252506,4.274357,4.27774,4.2179613,4.073892,4.178962,4.2398043,4.3443627,4.4541807,4.5408826,4.830302,4.754592
85,3,4.3655,4.3195605,4.27014,4.275119,4.218787,4.0859294,4.2069106,4.270439,4.3737426,4.4872494,4.5653825,4.8481812,4.775041
85,4,4.358296,4.31251,4.2632303,4.2682834,4.211782,4.0752,4.1859875,4.2501364,4.3610272,4.475865,4.5616856,4.8629756,4.782967
85,5,4.3813295,4.3330054,4.28241,4.2869706,4.2308836,4.0971932,4.2082624,4.2733335,4.3830743,4.492419,4.583504,4.8783097,4.8031764
85,6,4.384935,4.341334,4.2951536,4.3037,4.25406,4.126821,4.2268257,4.290034,4.403748,4.510102,4.6124887,4.9007683,4.8239655
85,7,4.3603,4.3195715,4.2764664,4.2880745,4.244046,4.1261344,4.2415733,4.3360367,4.466544,4.532706,4.68022,4.9297485,4.865188
85,8,4.395546,4.355769,4.3123727,4.3229094,4.275639,4.149887,4.267805,4.365049,4.491834,4.5517073,4.706468,4.932779,4.8638945
85,9,4.3772798,4.3351927,4.2897663,4.298514,4.2482653,4.1169744,4.229653,4.3219385,4.446761,4.51455,4.678325,4.9355655,4.878908
85,10,4.415093,4.3743916,4.3315506,4.3436437,4.301163,4.1913214,4.3161626,4.3980155,4.507261,4.579149,4.711688,4.9695044,4.902461
86,1,4.4303236,4.3912487,4.347423,4.35697,4.3074036,4.183377,4.298497,4.3416543,4.411293,4.515742,4.601961,4.8800755,4.7985945
86,2,4.465109,4.4173894,4.3656874,4.3680468,4.30592,4.1553736,4.2454705,4.2801166,4.3526206,4.4668255,4.5528383,4.8373094,4.757937
86,3,4.4597454,4.4114347,4.358011,4.3579297,4.2898555,4.122555,4.1979985,4.2300534,4.3061113,4.424459,4.5162134,4.812814,4.73299
86,4,4.4560604,4.417299,4.3705645,4.375124,4.3123937,4.150212,4.2337265,4.27397,4.3516245,4.454992,4.521356,4.81155,4.7272005
86,5,4.388279,4.3504205,4.304265,4.3092055,4.2469597,4.086772,4.174658,4.211562,4.280483,4.38293,4.447772,4.7580576,4.6886277
86,6,4.358877,4.320091,4.2717338,4.2736983,4.204505,4.0268426,4.104849,4.1423006,4.2227354,4.3411736,4.418553,4.739447,4.673295
86,7,4.419559,4.3811407,4.331957,4.332339,4.2588625,4.0695148,4.1364584,4.161284,4.2274065,4.35002,4.4306364,4.7584496,4.6799335
86,8,4.3876553,4.351291,4.3047676,4.308079,4.240407,4.061256,4.1227903,4.13956,4.201631,4.32933,4.4140253,4.750947,4.6669807
86,9,4.451239,4.4154243,4.3706484,4.3763046,4.3135815,4.138973,4.1759696,4.1763453,4.2375145,4.378608,4.4728208,4.7787633,4.6805077
86,10,4.402041,4.370805,4.330414,4.3402705,4.285427,4.13087,4.1892567,4.186372,4.227464,4.3609395,4.453803,4.7605495,4.6665664
87,1,4.4209046,4.376826,4.3299065,4.3376017,4.286283,4.1570663,4.253741,4.298608,4.3841944,4.490567,4.582968,4.887166,4.796119
87,2,4.543914,4.493608,4.440638,4.4425416,4.380596,4.227932,4.3018365,4.336665,4.4290533,4.5586553,4.6561947,4.968309,4.883542
87,3,4.496657,4.452304,4.404515,4.4109945,4.35685,4.2214146,4.312528,4.347816,4.429885,4.5521827,4.632673,4.9246564,4.839114
87,4,4.484778,4.4415536,4.394621,4.401692,4.347974,4.2087555,4.2845073,4.312218,4.392763,4.5150495,4.582191,4.8551173,4.764793
87,5,4.4450297,4.4026203,4.3560514,4.363191,4.3091507,4.169004,4.249046,4.282115,4.3646193,4.4815807,4.554343,4.8189774,4.7288837
87,6,4.408851,4.3677645,4.3226047,4.3311844,4.2799764,4.1468434,4.232818,4.263352,4.3344655,4.4433155,4.515857,4.7832336,4.6939445
87,7,4.4470215,4.4069138,4.3623857,4.3713717,4.320612,4.188671,4.277537,4.3082314,4.378273,4.4866157,4.548147,4.8085504,4.7152095
87,8,4.453415,4.409785,4.3619776,4.367909,4.311648,4.167126,4.2444677,4.2768483,4.3586116,4.4742794,4.5415735,4.8187256,4.7227683
87,9,4.530185,4.480228,4.428242,4.431487,4.3725624,4.22559,4.296708,4.329635,4.4139037,4.52563,4.6002064,4.8633432,4.7591276
87,10,4.418312,4.378305,4.3356047,4.3474746,4.3038917,4.189604,4.2859263,4.3164964,4.3764663,4.4691153,4.535615,4.8020506,4.704096
88,1,4.3911705,4.3492246,4.303567,4.311983,4.261355,4.1356335,4.2455,4.291726,4.372819,4.4821963,4.570905,4.8474026,4.7647853
88,2,4.410939,4.3715596,4.326328,4.3338165,4.2793593,4.144453,4.256148,4.29277,4.353378,4.4630637,4.556029,4.8468313,4.777721
88,3,4.4007025,4.367106,4.326105,4.3367014,4.286268,4.1569204,4.272746,4.3034873,4.3520684,4.461433,4.555569,4.8397593,4.768053
88,4,4.4006305,4.3594894,4.311897,4.3166566,4.2562566,4.105053,4.1999884,4.230918,4.28939,4.4012637,4.5148993,4.8253975,4.750544
88,5,4.396914,4.3578076,4.3114986,4.3169985,4.2570148,4.1039085,4.1958547,4.2292776,4.2945404,4.4071794,4.511597,4.8125286,4.733668
88,6,4.37348,4.336424,4.2922106,4.299783,4.243719,4.0994053,4.1977997,4.2297482,4.284305,4.386843,4.4910235,4.803147,4.7276464
88,7,4.394859,4.353794,4.30757,4.3144393,4.259045,4.1171317,4.2057757,4.2344127,4.290949,4.391651,4.49152,4.7904935,4.709335
88,8,4.3800263,4.338469,4.293622,4.302984,4.253939,4.125161,4.206174,4.224299,4.2748466,4.379356,4.481568,4.7742143,4.6936274
88,9,4.3601966,4.3223376,4.279999,4.291035,4.243801,4.1170044,4.198819,4.208472,4.2551193,4.379105,4.4911823,4.770575,4.67998
88,10,4.2711053,4.2347994,4.1945615,4.208042,4.1661806,4.054574,4.1537194,4.168285,4.2111692,4.328411,4.435306,4.705402,4.612659
89,1,4.429622,4.3852286,4.337605,4.3443656,4.290918,4.156815,4.2502637,4.2904115,4.37172,4.481823,4.569193,4.8499236,4.7693987
89,2,4.411105,4.366187,4.3182936,4.3249283,4.271357,4.135483,4.221954,4.263025,4.3571672,4.478064,4.561099,4.842612,4.7620106
89,3,4.410331,4.3715262,4.3294873,4.3416877,4.2983155,4.1856837,4.291757,4.3337975,4.419701,4.5351396,4.5979896,4.8674016,4.7721744
89,4,4.4233165,4.3865957,4.346061,4.359362,4.317454,4.207613,4.320602,4.3702874,4.464134,4.5780573,4.6342487,4.8988104,4.798674
89,5,4.44135,4.405386,4.3657846,4.3800583,4.3398914,4.23127,4.3426933,4.399046,4.494841,4.592446,4.6651,4.9081774,4.811745
89,6,4.448251,4.420246,4.3868504,4.406043,4.3731375,4.2778144,4.4034367,4.4598956,4.5462623,4.63892,4.7044215,4.9466786,4.850362
89,7,4.4237313,4.398723,4.3667426,4.386298,4.352374,4.252601,4.380865,4.4423842,4.5397677,4.642896,4.708895,4.9458785,4.846163
89,8,4.435748,4.4083524,4.3759623,4.396364,4.3660026,4.2753463,4.402442,4.463069,4.547571,4.6257443,4.699545,4.9532547,4.8603787
89,9,4.4655704,4.4332952,4.3976455,4.4158854,4.3830876,4.2876935,4.4022985,4.4599247,4.5493984,4.631215,4.711195,4.951177,4.8702626
89,10,4.4319043,4.392184,4.3530893,4.3705854,4.340904,4.2602525,4.3789988,4.4387794,4.538174,4.627104,4.703485,4.967385,4.8976235
90,1,4.4148607,4.377745,4.334042,4.34248,4.2886343,4.149889,4.2552667,4.303678,4.392552,4.511608,4.608609,4.8759575,4.7967687
90,2,4.4282303,4.3871017,4.339596,4.344456,4.2841706,4.1315985,4.2283244,4.278548,4.370532,4.487284,4.6011233,4.8782897,4.8086367
90,3,4.4174285,4.3730145,4.3236895,4.327729,4.2675247,4.117586,4.212612,4.2635374,4.3623605,4.485044,4.599917,4.8932815,4.827642
90,4,4.416335,4.3661046,4.3128004,4.314174,4.251156,4.099679,4.196797,4.2544107,4.3621855,4.486107,4.6211905,4.8969593,4.8278394
90,5,4.42941,4.381004,4.329367,4.3322434,4.271748,4.1243978,4.2222495,4.277695,4.3774824,4.49406,4.636816,4.9127946,4.837658
90,6,4.4708505,4.4249353,4.3786335,4.3885164,4.3439617,4.2337527,4.344372,4.3973517,4.4883595,4.5923977,4.716741,4.9746757,4.8839083
90,7,4.464568,4.423604,4.3819237,4.396085,4.359074,4.264169,4.3858976,4.439521,4.5200233,4.611163,4.734722,4.9876304,4.893932
90,8,4.446567,4.408332,4.369138,4.3855457,4.3523293,4.263914,4.385087,4.4346833,4.5139036,4.610055,4.726821,5.0015526,4.909123
90,9,4.423235,4.389031,4.3524547,4.370459,4.3384466,4.2478905,4.3667655,4.418643,4.5044594,4.606121,4.738661,5.009412,4.92033
90,10,4.421701,4.387242,4.3525653,4.37378,4.349886,4.2782288,4.399055,4.449509,4.534792,4.631429,4.755413,5.0217547,4.927481
91,1,4.4679537,4.4273276,4.3830323,4.3927746,4.344498,4.2221513,4.3292327,4.373438,4.4532404,4.5608582,4.6470795,4.9185514,4.8305273
91,2,4.4714985,4.4197183,4.367509,4.371613,4.316279,4.1825514,4.2722626,4.322536,4.4303527,4.5512066,4.64094,4.912525,4.814355
91,3,4.4690046,4.411915,4.354575,4.353786,4.289499,4.135982,4.212388,4.270436,4.4060926,4.546458,4.6495914,4.925504,4.8287
91,4,4.4385405,4.3844247,4.328887,4.3290863,4.265299,4.1103067,4.188304,4.250444,4.392952,4.536957,4.6433687,4.9175906,4.8167768
91,5,4.50495,4.4502883,4.3944354,4.3944774,4.3306475,4.175914,4.251809,4.3096814,4.447504,4.592883,4.69923,4.9724684,4.864579
91,6,4.507756,4.453915,4.398394,4.3984485,4.334147,4.178019,4.2560525,4.3168573,4.459696,4.60877,4.7152314,4.9785686,4.8693123
91,7,4.6522293,4.6059875,4.5564737,4.5614867,4.5053873,4.3726788,4.495954,4.574481,4.7099037,4.8382363,4.9162335,5.152224,5.039107
91,8,4.6209073,4.56774,4.5128083,4.5134726,4.4506955,4.3032036,4.4053845,4.481523,4.627198,4.7621984,4.8580585,5.1375093,5.0207634
91,9,4.642671,4.5768695,4.514153,4.5103345,4.444339,4.2957187,4.3799734,4.4528427,4.610685,4.7529006,4.856825,5.1321983,5.0225124
91,10,4.545216,4.4915524,4.438433,4.4423532,4.3881245,4.262684,4.3709235,4.439074,4.571794,4.702012,4.783233,5.0483117,4.935493
92,1,4.393931,4.351592,4.306218,4.3153954,4.267173,4.150652,4.2719083,4.3166056,4.3882074,4.4938807,4.5725007,4.811213,4.7402744
92,2,4.4285426,4.385825,4.3409295,4.3511024,4.305532,4.194654,4.3144283,4.3596206,4.4317126,4.5311456,4.603193,4.836048,4.7655544
92,3,4.419607,4.37738,4.3332253,4.3443203,4.300944,4.197557,4.328588,4.37779,4.4489365,4.5451193,4.611819,4.848504,4.7782345
92,4,4.459293,4.430355,4.396729,4.416351,4.38608,4.3096724,4.468178,4.508397,4.5507607,4.6426024,4.678427,4.908065,4.827466
92,5,4.601096,4.573215,4.542076,4.5650077,4.5422206,4.4817886,4.640957,4.6796503,4.720217,4.8048964,4.82971,5.0541544,4.965863
92,6,4.6646595,4.641859,4.6164536,4.6452866,4.6336055,4.5919147,4.745665,4.7750998,4.8037553,4.881285,4.923675,5.146794,5.052504
92,7,4.55737,4.5267267,4.496293,4.522013,4.5074453,4.462109,4.6072345,4.6509223,4.712809,4.797266,4.8486423,5.0893435,5.0155377
92,8,4.3966703,4.364792,4.335691,4.3644404,4.3586617,4.3405857,4.510472,4.5637455,4.6441383,4.7518344,4.814931,5.068416,4.990428
92,9,4.438845,4.409283,4.382648,4.413858,4.4126053,4.4022584,4.5689845,4.613859,4.681805,4.7846017,4.846882,5.090286,5.004481
92,10,4.368107,4.347189,4.3254957,4.3591185,4.358289,4.342681,4.522057,4.583072,4.6580787,4.74936,4.833673,5.0712047,4.9895144
93,1,4.39053,4.3457623,4.2976103,4.3038154,4.2494736,4.1166263,4.2215996,4.269192,4.3620973,4.4858646,4.582248,4.86866,4.780085
93,2,4.3963428,4.3532033,4.3060575,4.312848,4.258951,4.1264243,4.231359,4.2761183,4.37276,4.5097165,4.59486,4.8830895,4.789114
93,3,4.4086576,4.3606296,4.311363,4.317853,4.2662735,4.1416736,4.2436705,4.290826,4.3926487,4.5248756,4.623355,4.917642,4.8265038
93,4,4.4187627,4.376743,4.3335023,4.3458686,4.3051977,4.2039337,4.318936,4.360738,4.4435606,4.5613675,4.638429,4.9215813,4.8279576
93,5,4.4626517,4.4270363,4.38979,4.4076524,4.3762937,4.2893877,4.4000187,4.4369354,4.5200596,4.637454,4.690651,4.969067,4.882392
93,6,4.468982,4.4317503,4.3946967,4.4138207,4.3862777,4.3049617,4.403969,4.441976,4.528425,4.6316867,4.6941385,4.9512196,4.86216
93,7,4.4804416,4.44159,4.4027796,4.4201546,4.3894844,4.3042154,4.405953,4.4402823,4.522641,4.6345296,4.6954107,4.963485,4.873109
93,8,4.4495854,4.409544,4.368206,4.3823023,4.3443193,4.2436714,4.342629,4.379392,4.4811516,4.6223865,4.6748834,4.9635553,4.8819137
93,9,4.406443,4.376579,4.341348,4.3588095,4.3228827,4.222842,4.337319,4.3708735,4.4575496,4.6033654,4.659006,4.9565535,4.8864055
93,10,4.5190496,4.547637,4.5417767,4.5690885,4.5199723,4.3467474,4.496069,4.554904,4.633815,4.78582,4.8606772,5.137065,5.0726213
94,1,4.335765,4.294894,4.2497964,4.258337,4.206895,4.0730667,4.161739,4.199733,4.2867928,4.406902,4.491287,4.777341,4.701143
94,2,4.265751,4.2280803,4.1847715,4.19419,4.143086,4.010487,4.105969,4.1332498,4.1987205,4.3218327,4.4113073,4.723049,4.644077
94,3,4.2506413,4.2059855,4.1597733,4.1690516,4.1223817,4.0086846,4.109006,4.129818,4.193903,4.325269,4.386739,4.712446,4.631696
94,4,4.279271,4.250477,4.2149878,4.231433,4.1927056,4.0905128,4.2223005,4.256143,4.321656,4.454911,4.5207596,4.818432,4.7348742
94,5,4.1795564,4.153019,4.121193,4.142197,4.1139145,4.041653,4.208,4.257011,4.3293066,4.459367,4.5231833,4.819077,4.7367005
94,6,4.225768,4.1948357,4.15815,4.174131,4.1360464,4.0421033,4.191178,4.234981,4.317133,4.4654455,4.5129566,4.829362,4.7541986
94,7,4.1903524,4.157454,4.1202106,4.136491,4.1001296,4.008058,4.1422625,4.178769,4.264857,4.420642,4.4670053,4.781095,4.7058372
94,8,4.2989593,4.264967,4.22755,4.2442718,4.2098227,4.1244373,4.2691326,4.3181167,4.4112263,4.5531754,4.601849,4.89281,4.8149734
94,9,4.2535863,4.225487,4.192462,4.212447,4.182198,4.100918,4.2450147,4.2891064,4.370547,4.5054183,4.560569,4.866616,4.7961364
94,10,4.1451173,4.1208577,4.089829,4.110583,4.079817,3.9951413,4.14707,4.2073474,4.3200164,4.472978,4.5190773,4.828896,4.770162
95,1,4.4017572,4.3570347,4.308927,4.3151383,4.26061,4.125172,4.2210746,4.2610393,4.3467293,4.470438,4.5719275,4.857391,4.778105
95,2,4.3703523,4.3319883,4.287841,4.296373,4.2436075,4.108851,4.2127533,4.2523293,4.325686,4.4394336,4.5357146,4.8249474,4.7463307
95,3,4.3483357,4.3125534,4.271076,4.2822137,4.2340946,4.1062546,4.204123,4.2365465,4.3084607,4.4297457,4.527704,4.8088512,4.7226706
95,4,4.394089,4.360728,4.321415,4.334433,4.289194,4.1633797,4.2523484,4.2799067,4.3475885,4.462035,4.547821,4.8049474,4.708055
95,5,4.428815,4.3866863,4.3407435,4.348676,4.296275,4.157932,4.2339807,4.2657185,4.342517,4.4487457,4.5312567,4.790893,4.7097507
95,6,4.475419,4.4363637,4.3910403,4.39792,4.3405123,4.1830444,4.238553,4.264341,4.3418097,4.448199,4.5141997,4.770028,4.6941614
95,7,4.449058,4.4096794,4.3644094,4.3715606,4.314925,4.1581154,4.2094846,4.2363744,4.3204455,4.429436,4.4957304,4.755675,4.6781993
95,8,4.396116,4.3546944,4.308079,4.3143616,4.2568235,4.0986495,4.149197,4.1848316,4.284784,4.3951664,4.461167,4.7183995,4.6461544
95,9,4.378094,4.3269067,4.2726774,4.272782,4.2052937,4.019749,4.0204244,4.045305,4.174918,4.320578,4.419708,4.6960583,4.625759
95,10,4.263854,4.2150803,4.1632085,4.1655,4.1016135,3.9192476,3.9098377,3.9301717,4.055789,4.1920886,4.2795644,4.551071,4.483497
96,1,4.411464,4.3764796,4.3332753,4.341173,4.2847075,4.1395125,4.2452908,4.2829056,4.348459,4.4634886,4.5665975,4.867351,4.7960978
96,2,4.398421,4.36436,4.3231764,4.3335447,4.2817416,4.135738,4.2075295,4.2399893,4.326098,4.451256,4.5750685,4.855736,4.7794538
96,3,4.3496184,4.3361487,4.3031254,4.3135505,4.249078,4.0643225,4.16194,4.200984,4.270474,4.404744,4.5370083,4.8427725,4.7715178
96,4,4.3419714,4.327165,4.2942977,4.3058486,4.2451434,4.0714793,4.1757545,4.2195754,4.3001375,4.4429903,4.580154,4.8865623,4.8087025
96,5,4.3021855,4.2737412,4.228947,4.230014,4.151851,3.9448597,4.026296,4.0724564,4.1772532,4.3432283,4.498009,4.8479123,4.781726
96,6,4.3142276,4.282452,4.2371025,4.239386,4.166307,3.9725094,4.049781,4.094464,4.2097287,4.3852606,4.538376,4.880862,4.8089495
96,7,4.3713784,4.337854,4.291103,4.29225,4.217473,4.0209665,4.098722,4.1470485,4.2618513,4.4282637,4.5851264,4.923304,4.8576074
96,8,4.3245387,4.2922425,4.246807,4.249313,4.17724,3.9876392,4.068661,4.113156,4.229002,4.406356,4.54199,4.880944,4.812469
96,9,4.264077,4.2235804,4.172999,4.172503,4.0983934,3.9116676,3.995888,4.050893,4.1883497,4.373661,4.506708,4.8556857,4.7933116
96,10,4.223196,4.1860847,4.1379476,4.1392198,4.0673165,3.883188,3.9655633,4.0157347,4.164533,4.3788366,4.5016713,4.859427,4.788253
97,1,4.428602,4.3876953,4.3430905,4.3524756,4.3033204,4.1770134,4.2800593,4.327877,4.4090023,4.5073066,4.610058,4.8619757,4.785324
97,2,4.366237,4.3298893,4.28732,4.297105,4.246206,4.115003,4.230925,4.2884235,4.3799024,4.488162,4.5954127,4.849913,4.783248
97,3,4.3207088,4.288685,4.25087,4.265545,4.224101,4.113038,4.2457952,4.3169246,4.4156895,4.510904,4.632281,4.878503,4.8053775
97,4,4.3504558,4.319171,4.2835293,4.301243,4.266967,4.1733007,4.3136473,4.384819,4.477557,4.5618763,4.6728215,4.901433,4.8200607
97,5,4.373976,4.3389273,4.2988653,4.3119087,4.268566,4.1577926,4.2982235,4.3793936,4.4951525,4.5970826,4.697445,4.902655,4.8055096
97,6,4.34952,4.3310223,4.30175,4.3216114,4.2848244,4.1809216,4.3516316,4.450339,4.5673676,4.657983,4.755862,4.9380093,4.8491716
97,7,4.301919,4.29497,4.2761164,4.3054767,4.2855086,4.220715,4.428641,4.5252376,4.6313076,4.7347784,4.8053875,4.9718432,4.8774633
97,8,4.3644385,4.353312,4.332945,4.362418,4.344852,4.2815514,4.4623685,4.5470138,4.6564455,4.766776,4.8578777,5.0181513,4.94038
97,9,4.368521,4.3668623,4.3547273,4.391404,4.385735,4.3445683,4.536102,4.616693,4.7151794,4.8181105,4.8762655,5.0509496,4.9596944
97,10,4.321735,4.3220468,4.3110867,4.348377,4.3428946,4.299876,4.492196,4.5815897,4.698067,4.808765,4.866333,5.054404,4.96851
98,1,4.648721,4.6035857,4.5553775,4.5617366,4.508067,4.3777533,4.4849343,4.529575,4.609738,4.721154,4.8149743,5.086163,5.0024624
98,2,4.618707,4.5673246,4.5163193,4.5221844,4.4713697,4.3529587,4.461483,4.5072045,4.5952325,4.7142525,4.826905,5.1102138,5.0293646
98,3,4.5115104,4.4649677,4.4173856,4.4255743,4.377021,4.2554383,4.3466067,4.3783803,4.468755,4.6156335,4.75468,5.0459394,4.961111
98,4,4.432966,4.3899293,4.345889,4.3575044,4.3150826,4.2037454,4.2949743,4.3289967,4.4335346,4.5945296,4.7402024,5.0247874,4.934981
98,5,4.441745,4.401759,4.3611813,4.3764243,4.341101,4.2447615,4.3412166,4.3741474,4.4757924,4.631149,4.751176,5.0217767,4.925481
98,6,4.4239717,4.3806496,4.337797,4.351575,4.3150473,4.2219,4.328165,4.362317,4.4575977,4.6086082,4.72659,5.00553,4.9125366
98,7,4.459058,4.4190335,4.3790097,4.3951406,4.3619304,4.2690573,4.360941,4.3921676,4.490637,4.63652,4.746146,5.0274534,4.9445605
98,8,4.4755616,4.4405155,4.402539,4.4187803,4.3826394,4.2793665,4.3737135,4.408623,4.5104313,4.660355,4.7683907,5.046363,4.963943
98,9,4.669356,4.6304884,4.591699,4.6090283,4.577841,4.486286,4.57421,4.6086936,4.7023687,4.8258286,4.9408846,5.2086596,5.118379
98,10,4.689336,4.65384,4.61822,4.6384745,4.6123753,4.53018,4.630568,4.681231,4.7758746,4.8673763,4.993732,5.234337,5.146383
99,1,4.4088936,4.3672605,4.32055,4.3270087,4.271006,4.1286054,4.2254586,4.276085,4.3693547,4.4804225,4.5799694,4.8614283,4.7707434
99,2,4.449743,4.409894,4.3651266,4.373548,4.3211865,4.1849504,4.2831273,4.338642,4.436558,4.540154,4.638188,4.9092627,4.8155837
99,3,4.4618316,4.4295135,4.3910494,4.404848,4.361281,4.2436895,4.360709,4.4165564,4.5058575,4.6066265,4.684599,4.9234824,4.8226914
99,4,4.5036993,4.467854,4.4277496,4.4411798,4.399018,4.287849,4.40111,4.4483576,4.5324316,4.6387043,4.702798,4.953538,4.8496246
99,5,4.457006,4.42598,4.388842,4.403998,4.3632126,4.254236,4.381232,4.4336925,4.5176096,4.6263433,4.6970115,4.933127,4.8426256
99,6,4.4858174,4.4575396,4.4219284,4.437803,4.3971415,4.2878017,4.4198956,4.4702477,4.5439267,4.6478367,4.7153997,4.957755,4.866969
99,7,4.512367,4.4774094,4.436001,4.4467487,4.3972793,4.2675824,4.3840547,4.447014,4.539329,4.632389,4.7303166,4.9832783,4.898054
99,8,4.470052,4.442495,4.408741,4.427116,4.392128,4.2946806,4.43571,4.499461,4.570365,4.6415296,4.7480435,5.021263,4.936017
99,9,4.4436307,4.4205127,4.3898377,4.410301,4.37756,4.2811646,4.426702,4.4954815,4.5551786,4.601321,4.7292724,5.0235114,4.941551
99,10,4.4771376,4.449865,4.41693,4.436371,4.4035482,4.3072534,4.441992,4.5104547,4.5763206,4.6197248,4.7489157,5.033979,4.9511395
